rank,title,url,price,reviews,author,category,description,thumbnail,createdAt
1,"【AIで鑑定作成】副業占い完全攻略マニュアル【0→1突破ロードマップ付き】
ビジネス
¥9,980
紹介で30%還元（全員）
5.0 (457件)
ねずみくん3 years ago",https://brain-market.com/u/koki-br/a/b1EzNxUTMgoTZsNWa0JXY,"¥9,980",457,koki-br,,"【AIで鑑定作成】副業占い完全攻略マニュアル【0→1突破ロードマップ付き】
ビジネス
¥9,980
紹介で30%還元（全員）
5.0 (457件)
ねずみくん3 years ago",,
2,"【爆速で0→1突破へ】AI × 誕生日占い鑑定書作成バイブル～稼ぎに特化した副業ネット占いビジネス
ビジネス
¥4,980
紹介で50%還元（全員）
5.0 (420件)
YUKI3 years ago",https://brain-market.com/u/yknetdiviner/a/b0kTO4cTMgoTZsNWa0JXY,"¥4,980",420,yknetdiviner,,"【爆速で0→1突破へ】AI × 誕生日占い鑑定書作成バイブル～稼ぎに特化した副業ネット占いビジネス
ビジネス
¥4,980
紹介で50%還元（全員）
5.0 (420件)
YUKI3 years ago",,
3,"【シリーズ5冠達成❢】ブロガーも必見！激時短AIライティング術【秀逸】属人性AI導入の指南書～AIコンテンツメイクのすすめ
その他
¥3,980
紹介で50%還元（全員）
5.0 (341件)
右京3 years ago",https://brain-market.com/u/brain/a/b2cDOxQTMgoTZsNWa0JXY,"¥3,980",341,brain,,"【シリーズ5冠達成❢】ブロガーも必見！激時短AIライティング術【秀逸】属人性AI導入の指南書～AIコンテンツメイクのすすめ
その他
¥3,980
紹介で50%還元（全員）
5.0 (341件)
右京3 years ago",,
4,"【2025年更新】インスタ占いスタートガイド ~占いもインスタも知識・経験0から始める初心者戦略~【総合ランキング1位獲得👑】【400部突破】
SNS
¥3,980
紹介で50%還元（全員）
5.0 (305件)
リアム | インスタ占い2 years ago",https://brain-market.com/u/liam_uranai/a/bwgjN5kTMgoTZsNWa0JXY,"¥3,980",305,liam_uranai,,"【2025年更新】インスタ占いスタートガイド ~占いもインスタも知識・経験0から始める初心者戦略~【総合ランキング1位獲得👑】【400部突破】
SNS
¥3,980
紹介で50%還元（全員）
5.0 (305件)
リアム | インスタ占い2 years ago",,
5,"【超初心者でも勝ち確】労働からの脱却『1年で利益1000万円稼いだ』在宅ジャニーズ円盤投資術
物販
¥39,800
紹介で50%還元（購入者限定）
5.0 (284件)
ぽるとら@ジャニーズBrain総合1位獲得3 years ago",https://brain-market.com/u/portolano/a/b3YTN2MTMgoTZsNWa0JXY,"¥39,800",284,portolano,,"【超初心者でも勝ち確】労働からの脱却『1年で利益1000万円稼いだ』在宅ジャニーズ円盤投資術
物販
¥39,800
紹介で50%還元（購入者限定）
5.0 (284件)
ぽるとら@ジャニーズBrain総合1位獲得3 years ago",,
6,"スマホ1台でできる！日記感覚ブログで月3万円を稼ぐ『アメステップ』
ビジネス
¥4,980
紹介で50%還元（購入者限定）
4.8 (274件)
はたぼー2 months ago",https://brain-market.com/u/brain-hatabo/a/bzETNzMjMgoTZsNWa0JXY,"¥4,980",274,brain-hatabo,,"スマホ1台でできる！日記感覚ブログで月3万円を稼ぐ『アメステップ』
ビジネス
¥4,980
紹介で50%還元（購入者限定）
4.8 (274件)
はたぼー2 months ago",,
7,"【未経験•顔出しなし】TikTok×占い集客完全攻略マニュアル【AIを駆使して投稿作成】
ビジネス
¥100,000
紹介で30%還元（全員）
5.0 (249件)
ねずみくん3 years ago",https://brain-market.com/u/koki-br/a/bwczN2cTMgoTZsNWa0JXY,"¥100,000",249,koki-br,,"【未経験•顔出しなし】TikTok×占い集客完全攻略マニュアル【AIを駆使して投稿作成】
ビジネス
¥100,000
紹介で30%還元（全員）
5.0 (249件)
ねずみくん3 years ago",,
8,"【シリーズ３冠達成！】占いビジネス×AIライティング占術～AIコンテンツメイクのすすめ３
ライティング
¥4,980
紹介で50%還元（全員）
5.0 (245件)
YUKI3 years ago",https://brain-market.com/u/yknetdiviner/a/bwQTM3UTMgoTZsNWa0JXY,"¥4,980",245,yknetdiviner,,"【シリーズ３冠達成！】占いビジネス×AIライティング占術～AIコンテンツメイクのすすめ３
ライティング
¥4,980
紹介で50%還元（全員）
5.0 (245件)
YUKI3 years ago",,
9,"Brainの始め方
ビジネス
¥3,980
紹介で50%還元（全員）
4.9 (245件)
まりぴん2 years ago",https://brain-market.com/u/maripin/a/bzIDMxAjMgoTZsNWa0JXY,"¥3,980",245,maripin,,"Brainの始め方
ビジネス
¥3,980
紹介で50%還元（全員）
4.9 (245件)
まりぴん2 years ago",,
10,"【インスタ占いの全て】インスタ×占いマーケティングで月50万円稼ぐ全てを解説！【210部突破🎉】
マーケティング
¥49,980
紹介で50%還元（全員）
5.0 (231件)
リアム | インスタ占い2 years ago",https://brain-market.com/u/liam_uranai/a/b1cTM4gTMgoTZsNWa0JXY,"¥49,980",231,liam_uranai,,"【インスタ占いの全て】インスタ×占いマーケティングで月50万円稼ぐ全てを解説！【210部突破🎉】
マーケティング
¥49,980
紹介で50%還元（全員）
5.0 (231件)
リアム | インスタ占い2 years ago",,
11,"【AIを駆使して本を出す】30 days Kindle Program【最初の1冊を確実に出す完全ロードマップ】
SEO・ブログ
¥7,480
紹介で50%還元（全員）
4.9 (214件)
カン｜超マネタイズKindle出版3 years ago",https://brain-market.com/u/kan11/a/b3UTO1YTMgoTZsNWa0JXY,"¥7,480",214,kan11,,"【AIを駆使して本を出す】30 days Kindle Program【最初の1冊を確実に出す完全ロードマップ】
SEO・ブログ
¥7,480
紹介で50%還元（全員）
4.9 (214件)
カン｜超マネタイズKindle出版3 years ago",,
12,"Brain・Tipsアフィリエイトの教科書「理論編」【激辛出版】
マーケティング
¥9,800
紹介で50%還元（全員）
5.0 (202件)
沖ケイタ5 months ago",https://brain-market.com/u/oki-keita/a/bzAzM5IjMgoTZsNWa0JXY,"¥9,800",202,oki-keita,,"Brain・Tipsアフィリエイトの教科書「理論編」【激辛出版】
マーケティング
¥9,800
紹介で50%還元（全員）
5.0 (202件)
沖ケイタ5 months ago",,
13,"【870部突破】広告業界30年のプロが伝授するAI時代を勝ち抜く10の秘技『人の感情を動かすライティング術』
ライティング
¥24,800
紹介で50%還元（全員）
5.0 (177件)
アラタメ堂9 months ago",https://brain-market.com/u/aratamedo/a/bwYDMxIjMgoTZsNWa0JXY,"¥24,800",177,aratamedo,,"【870部突破】広告業界30年のプロが伝授するAI時代を勝ち抜く10の秘技『人の感情を動かすライティング術』
ライティング
¥24,800
紹介で50%還元（全員）
5.0 (177件)
アラタメ堂9 months ago",,
14,"【完全ブルーオーシャン】超初心者でも30日で10万円『高利益率×高回転』在宅ジャニーズグッズ錬金術
物販
¥39,800
紹介で50%還元（購入者限定）
4.9 (156件)
ぽるとら@ジャニーズBrain総合1位獲得4 years ago",https://brain-market.com/u/portolano/a/bUTM2ETOgoTZsNWa0JXY,"¥39,800",156,portolano,,"【完全ブルーオーシャン】超初心者でも30日で10万円『高利益率×高回転』在宅ジャニーズグッズ錬金術
物販
¥39,800
紹介で50%還元（購入者限定）
4.9 (156件)
ぽるとら@ジャニーズBrain総合1位獲得4 years ago",,
15,"【副業AI占い】ChatGPT×Canva【おみくじ＆新春タロット占い】速習パック2024
ビジネス
¥4,980
紹介で50%還元（全員）
5.0 (152件)
YUKI2 years ago",https://brain-market.com/u/yknetdiviner/a/b5MDN4gTMgoTZsNWa0JXY,"¥4,980",152,yknetdiviner,,"【副業AI占い】ChatGPT×Canva【おみくじ＆新春タロット占い】速習パック2024
ビジネス
¥4,980
紹介で50%還元（全員）
5.0 (152件)
YUKI2 years ago",,
16,"【副業占いに禁断の神ツール降臨】シャドウAIタロット鑑定自動化パッケージ
ビジネス
¥35,000
紹介で50%還元（全員）
5.0 (133件)
YUKIa year ago",https://brain-market.com/u/yknetdiviner/a/b5UzMxAjMgoTZsNWa0JXY,"¥35,000",133,yknetdiviner,,"【副業占いに禁断の神ツール降臨】シャドウAIタロット鑑定自動化パッケージ
ビジネス
¥35,000
紹介で50%還元（全員）
5.0 (133件)
YUKIa year ago",,
17,"【音楽知識ゼロでもプロクオリティ】たった2つの質問であなたのイメージが神曲になるGPTs
その他
¥8,980
紹介で50%還元（全員）
4.9 (130件)
ヌンちゃま🥸AI音楽の先生8 months ago",https://brain-market.com/u/meison/a/b0kTMzIjMgoTZsNWa0JXY,"¥8,980",130,meison,,"【音楽知識ゼロでもプロクオリティ】たった2つの質問であなたのイメージが神曲になるGPTs
その他
¥8,980
紹介で50%還元（全員）
4.9 (130件)
ヌンちゃま🥸AI音楽の先生8 months ago",,
18,"【200部突破】AIに指示するだけでできる非常識コンテンツメイキング術とその活用術
SEO・ブログ
¥1,980
紹介で50%還元（全員）
5.0 (124件)
coocha3 years ago",https://brain-market.com/u/coocha/a/b2UzN3UTMgoTZsNWa0JXY,"¥1,980",124,coocha,,"【200部突破】AIに指示するだけでできる非常識コンテンツメイキング術とその活用術
SEO・ブログ
¥1,980
紹介で50%還元（全員）
5.0 (124件)
coocha3 years ago",,
19,"【YouTube収益化✖️主婦のAI副業】おきるママのYouTube脱サラ計画へようこそ
YouTube
¥29,800
紹介で50%還元（全員）
5.0 (122件)
おきるママa year ago",https://brain-market.com/u/okriumama/a/bwETNyEjMgoTZsNWa0JXY,"¥29,800",122,okriumama,,"【YouTube収益化✖️主婦のAI副業】おきるママのYouTube脱サラ計画へようこそ
YouTube
¥29,800
紹介で50%還元（全員）
5.0 (122件)
おきるママa year ago",,
20,"【AIライジング】GPTsセット80個超｜ChatGPT活用大全付き
マーケティング
¥49,800
紹介で50%還元（全員）
4.9 (123件)
ヒナキラa year ago",https://brain-market.com/u/hinakira/a/bwIDO2AjMgoTZsNWa0JXY,"¥49,800",80,hinakira,,"【AIライジング】GPTsセット80個超｜ChatGPT活用大全付き
マーケティング
¥49,800
紹介で50%還元（全員）
4.9 (123件)
ヒナキラa year ago",,
21,"【AIで鑑定作成】副業占い完全攻略マニュアル【0→1突破ロードマップ付き】
ビジネス
¥9,980
紹介で30%還元（全員）
5.0 (457件)
ねずみくん3年前",https://brain-market.com/u/koki-br/a/b1EzNxUTMgoTZsNWa0JXY,"¥9,980",457,koki-br,,"【AIで鑑定作成】副業占い完全攻略マニュアル【0→1突破ロードマップ付き】
ビジネス
¥9,980
紹介で30%還元（全員）
5.0 (457件)
ねずみくん3年前",,
22,"【爆速で0→1突破へ】AI × 誕生日占い鑑定書作成バイブル～稼ぎに特化した副業ネット占いビジネス
ビジネス
¥4,980
紹介で50%還元（全員）
5.0 (420件)
YUKI3年前",https://brain-market.com/u/yknetdiviner/a/b0kTO4cTMgoTZsNWa0JXY,"¥4,980",420,yknetdiviner,,"【爆速で0→1突破へ】AI × 誕生日占い鑑定書作成バイブル～稼ぎに特化した副業ネット占いビジネス
ビジネス
¥4,980
紹介で50%還元（全員）
5.0 (420件)
YUKI3年前",,
23,"【シリーズ5冠達成❢】ブロガーも必見！激時短AIライティング術【秀逸】属人性AI導入の指南書～AIコンテンツメイクのすすめ
その他
¥3,980
紹介で50%還元（全員）
5.0 (341件)
右京3年前",https://brain-market.com/u/brain/a/b2cDOxQTMgoTZsNWa0JXY,"¥3,980",341,brain,,"【シリーズ5冠達成❢】ブロガーも必見！激時短AIライティング術【秀逸】属人性AI導入の指南書～AIコンテンツメイクのすすめ
その他
¥3,980
紹介で50%還元（全員）
5.0 (341件)
右京3年前",,
24,"【2025年更新】インスタ占いスタートガイド ~占いもインスタも知識・経験0から始める初心者戦略~【総合ランキング1位獲得👑】【400部突破】
SNS
¥3,980
紹介で50%還元（全員）
5.0 (305件)
リアム | インスタ占い2年前",https://brain-market.com/u/liam_uranai/a/bwgjN5kTMgoTZsNWa0JXY,"¥3,980",305,liam_uranai,,"【2025年更新】インスタ占いスタートガイド ~占いもインスタも知識・経験0から始める初心者戦略~【総合ランキング1位獲得👑】【400部突破】
SNS
¥3,980
紹介で50%還元（全員）
5.0 (305件)
リアム | インスタ占い2年前",,
25,"【超初心者でも勝ち確】労働からの脱却『1年で利益1000万円稼いだ』在宅ジャニーズ円盤投資術
物販
¥39,800
紹介で50%還元（購入者限定）
5.0 (284件)
ぽるとら@ジャニーズBrain総合1位獲得3年前",https://brain-market.com/u/portolano/a/b3YTN2MTMgoTZsNWa0JXY,"¥39,800",284,portolano,,"【超初心者でも勝ち確】労働からの脱却『1年で利益1000万円稼いだ』在宅ジャニーズ円盤投資術
物販
¥39,800
紹介で50%還元（購入者限定）
5.0 (284件)
ぽるとら@ジャニーズBrain総合1位獲得3年前",,
26,"スマホ1台でできる！日記感覚ブログで月3万円を稼ぐ『アメステップ』
ビジネス
¥4,980
紹介で50%還元（購入者限定）
4.8 (274件)
はたぼー2ヶ月前",https://brain-market.com/u/brain-hatabo/a/bzETNzMjMgoTZsNWa0JXY,"¥4,980",274,brain-hatabo,,"スマホ1台でできる！日記感覚ブログで月3万円を稼ぐ『アメステップ』
ビジネス
¥4,980
紹介で50%還元（購入者限定）
4.8 (274件)
はたぼー2ヶ月前",,
27,"【未経験•顔出しなし】TikTok×占い集客完全攻略マニュアル【AIを駆使して投稿作成】
ビジネス
¥100,000
紹介で30%還元（全員）
5.0 (249件)
ねずみくん3年前",https://brain-market.com/u/koki-br/a/bwczN2cTMgoTZsNWa0JXY,"¥100,000",249,koki-br,,"【未経験•顔出しなし】TikTok×占い集客完全攻略マニュアル【AIを駆使して投稿作成】
ビジネス
¥100,000
紹介で30%還元（全員）
5.0 (249件)
ねずみくん3年前",,
28,"【シリーズ３冠達成！】占いビジネス×AIライティング占術～AIコンテンツメイクのすすめ３
ライティング
¥4,980
紹介で50%還元（全員）
5.0 (245件)
YUKI3年前",https://brain-market.com/u/yknetdiviner/a/bwQTM3UTMgoTZsNWa0JXY,"¥4,980",245,yknetdiviner,,"【シリーズ３冠達成！】占いビジネス×AIライティング占術～AIコンテンツメイクのすすめ３
ライティング
¥4,980
紹介で50%還元（全員）
5.0 (245件)
YUKI3年前",,
29,"Brainの始め方
ビジネス
¥3,980
紹介で50%還元（全員）
4.9 (245件)
まりぴん2年前",https://brain-market.com/u/maripin/a/bzIDMxAjMgoTZsNWa0JXY,"¥3,980",245,maripin,,"Brainの始め方
ビジネス
¥3,980
紹介で50%還元（全員）
4.9 (245件)
まりぴん2年前",,
30,"【インスタ占いの全て】インスタ×占いマーケティングで月50万円稼ぐ全てを解説！【210部突破🎉】
マーケティング
¥49,980
紹介で50%還元（全員）
5.0 (231件)
リアム | インスタ占い2年前",https://brain-market.com/u/liam_uranai/a/b1cTM4gTMgoTZsNWa0JXY,"¥49,980",231,liam_uranai,,"【インスタ占いの全て】インスタ×占いマーケティングで月50万円稼ぐ全てを解説！【210部突破🎉】
マーケティング
¥49,980
紹介で50%還元（全員）
5.0 (231件)
リアム | インスタ占い2年前",,
31,"【AIを駆使して本を出す】30 days Kindle Program【最初の1冊を確実に出す完全ロードマップ】
SEO・ブログ
¥7,480
紹介で50%還元（全員）
4.9 (214件)
カン｜超マネタイズKindle出版3年前",https://brain-market.com/u/kan11/a/b3UTO1YTMgoTZsNWa0JXY,"¥7,480",214,kan11,,"【AIを駆使して本を出す】30 days Kindle Program【最初の1冊を確実に出す完全ロードマップ】
SEO・ブログ
¥7,480
紹介で50%還元（全員）
4.9 (214件)
カン｜超マネタイズKindle出版3年前",,
32,"Brain・Tipsアフィリエイトの教科書「理論編」【激辛出版】
マーケティング
¥9,800
紹介で50%還元（全員）
5.0 (202件)
沖ケイタ5ヶ月前",https://brain-market.com/u/oki-keita/a/bzAzM5IjMgoTZsNWa0JXY,"¥9,800",202,oki-keita,,"Brain・Tipsアフィリエイトの教科書「理論編」【激辛出版】
マーケティング
¥9,800
紹介で50%還元（全員）
5.0 (202件)
沖ケイタ5ヶ月前",,
33,"【870部突破】広告業界30年のプロが伝授するAI時代を勝ち抜く10の秘技『人の感情を動かすライティング術』
ライティング
¥24,800
紹介で50%還元（全員）
5.0 (177件)
アラタメ堂9ヶ月前",https://brain-market.com/u/aratamedo/a/bwYDMxIjMgoTZsNWa0JXY,"¥24,800",177,aratamedo,,"【870部突破】広告業界30年のプロが伝授するAI時代を勝ち抜く10の秘技『人の感情を動かすライティング術』
ライティング
¥24,800
紹介で50%還元（全員）
5.0 (177件)
アラタメ堂9ヶ月前",,
34,"【完全ブルーオーシャン】超初心者でも30日で10万円『高利益率×高回転』在宅ジャニーズグッズ錬金術
物販
¥39,800
紹介で50%還元（購入者限定）
4.9 (156件)
ぽるとら@ジャニーズBrain総合1位獲得4年前",https://brain-market.com/u/portolano/a/bUTM2ETOgoTZsNWa0JXY,"¥39,800",156,portolano,,"【完全ブルーオーシャン】超初心者でも30日で10万円『高利益率×高回転』在宅ジャニーズグッズ錬金術
物販
¥39,800
紹介で50%還元（購入者限定）
4.9 (156件)
ぽるとら@ジャニーズBrain総合1位獲得4年前",,
35,"【副業AI占い】ChatGPT×Canva【おみくじ＆新春タロット占い】速習パック2024
ビジネス
¥4,980
紹介で50%還元（全員）
5.0 (152件)
YUKI2年前",https://brain-market.com/u/yknetdiviner/a/b5MDN4gTMgoTZsNWa0JXY,"¥4,980",152,yknetdiviner,,"【副業AI占い】ChatGPT×Canva【おみくじ＆新春タロット占い】速習パック2024
ビジネス
¥4,980
紹介で50%還元（全員）
5.0 (152件)
YUKI2年前",,
36,"【副業占いに禁断の神ツール降臨】シャドウAIタロット鑑定自動化パッケージ
ビジネス
¥35,000
紹介で50%還元（全員）
5.0 (133件)
YUKI1年前",https://brain-market.com/u/yknetdiviner/a/b5UzMxAjMgoTZsNWa0JXY,"¥35,000",133,yknetdiviner,,"【副業占いに禁断の神ツール降臨】シャドウAIタロット鑑定自動化パッケージ
ビジネス
¥35,000
紹介で50%還元（全員）
5.0 (133件)
YUKI1年前",,
37,"【音楽知識ゼロでもプロクオリティ】たった2つの質問であなたのイメージが神曲になるGPTs
その他
¥8,980
紹介で50%還元（全員）
4.9 (130件)
ヌンちゃま🥸AI音楽の先生8ヶ月前",https://brain-market.com/u/meison/a/b0kTMzIjMgoTZsNWa0JXY,"¥8,980",130,meison,,"【音楽知識ゼロでもプロクオリティ】たった2つの質問であなたのイメージが神曲になるGPTs
その他
¥8,980
紹介で50%還元（全員）
4.9 (130件)
ヌンちゃま🥸AI音楽の先生8ヶ月前",,
38,"【200部突破】AIに指示するだけでできる非常識コンテンツメイキング術とその活用術
SEO・ブログ
¥1,980
紹介で50%還元（全員）
5.0 (124件)
coocha3年前",https://brain-market.com/u/coocha/a/b2UzN3UTMgoTZsNWa0JXY,"¥1,980",124,coocha,,"【200部突破】AIに指示するだけでできる非常識コンテンツメイキング術とその活用術
SEO・ブログ
¥1,980
紹介で50%還元（全員）
5.0 (124件)
coocha3年前",,
39,"【YouTube収益化✖️主婦のAI副業】おきるママのYouTube脱サラ計画へようこそ
YouTube
¥29,800
紹介で50%還元（全員）
5.0 (122件)
おきるママ1年前",https://brain-market.com/u/okriumama/a/bwETNyEjMgoTZsNWa0JXY,"¥29,800",122,okriumama,,"【YouTube収益化✖️主婦のAI副業】おきるママのYouTube脱サラ計画へようこそ
YouTube
¥29,800
紹介で50%還元（全員）
5.0 (122件)
おきるママ1年前",,
40,"【AIライジング】GPTsセット80個超｜ChatGPT活用大全付き
マーケティング
¥49,800
紹介で50%還元（全員）
4.9 (123件)
ヒナキラ1年前",https://brain-market.com/u/hinakira/a/bwIDO2AjMgoTZsNWa0JXY,"¥49,800",80,hinakira,,"【AIライジング】GPTsセット80個超｜ChatGPT活用大全付き
マーケティング
¥49,800
紹介で50%還元（全員）
4.9 (123件)
ヒナキラ1年前",,
41,"【AIで鑑定作成】副業占い完全攻略マニュアル【0→1突破ロードマップ付き】
ビジネス
¥9,980
紹介で30%還元（全員）
5.0 (457件)
ねずみくん3年前",https://brain-market.com/u/koki-br/a/b1EzNxUTMgoTZsNWa0JXY,"¥9,980",457,koki-br,,"【AIで鑑定作成】副業占い完全攻略マニュアル【0→1突破ロードマップ付き】
ビジネス
¥9,980
紹介で30%還元（全員）
5.0 (457件)
ねずみくん3年前",,
42,"【爆速で0→1突破へ】AI × 誕生日占い鑑定書作成バイブル～稼ぎに特化した副業ネット占いビジネス
ビジネス
¥4,980
紹介で50%還元（全員）
5.0 (420件)
YUKI3年前",https://brain-market.com/u/yknetdiviner/a/b0kTO4cTMgoTZsNWa0JXY,"¥4,980",420,yknetdiviner,,"【爆速で0→1突破へ】AI × 誕生日占い鑑定書作成バイブル～稼ぎに特化した副業ネット占いビジネス
ビジネス
¥4,980
紹介で50%還元（全員）
5.0 (420件)
YUKI3年前",,
43,"【シリーズ5冠達成❢】ブロガーも必見！激時短AIライティング術【秀逸】属人性AI導入の指南書～AIコンテンツメイクのすすめ
その他
¥3,980
紹介で50%還元（全員）
5.0 (341件)
右京3年前",https://brain-market.com/u/brain/a/b2cDOxQTMgoTZsNWa0JXY,"¥3,980",341,brain,,"【シリーズ5冠達成❢】ブロガーも必見！激時短AIライティング術【秀逸】属人性AI導入の指南書～AIコンテンツメイクのすすめ
その他
¥3,980
紹介で50%還元（全員）
5.0 (341件)
右京3年前",,
44,"【2025年更新】インスタ占いスタートガイド ~占いもインスタも知識・経験0から始める初心者戦略~【総合ランキング1位獲得👑】【400部突破】
SNS
¥3,980
紹介で50%還元（全員）
5.0 (305件)
リアム | インスタ占い2年前",https://brain-market.com/u/liam_uranai/a/bwgjN5kTMgoTZsNWa0JXY,"¥3,980",305,liam_uranai,,"【2025年更新】インスタ占いスタートガイド ~占いもインスタも知識・経験0から始める初心者戦略~【総合ランキング1位獲得👑】【400部突破】
SNS
¥3,980
紹介で50%還元（全員）
5.0 (305件)
リアム | インスタ占い2年前",,
45,"【超初心者でも勝ち確】労働からの脱却『1年で利益1000万円稼いだ』在宅ジャニーズ円盤投資術
物販
¥39,800
紹介で50%還元（購入者限定）
5.0 (284件)
ぽるとら@ジャニーズBrain総合1位獲得3年前",https://brain-market.com/u/portolano/a/b3YTN2MTMgoTZsNWa0JXY,"¥39,800",284,portolano,,"【超初心者でも勝ち確】労働からの脱却『1年で利益1000万円稼いだ』在宅ジャニーズ円盤投資術
物販
¥39,800
紹介で50%還元（購入者限定）
5.0 (284件)
ぽるとら@ジャニーズBrain総合1位獲得3年前",,
46,"スマホ1台でできる！日記感覚ブログで月3万円を稼ぐ『アメステップ』
ビジネス
¥4,980
紹介で50%還元（購入者限定）
4.8 (274件)
はたぼー2ヶ月前",https://brain-market.com/u/brain-hatabo/a/bzETNzMjMgoTZsNWa0JXY,"¥4,980",274,brain-hatabo,,"スマホ1台でできる！日記感覚ブログで月3万円を稼ぐ『アメステップ』
ビジネス
¥4,980
紹介で50%還元（購入者限定）
4.8 (274件)
はたぼー2ヶ月前",,
47,"【未経験•顔出しなし】TikTok×占い集客完全攻略マニュアル【AIを駆使して投稿作成】
ビジネス
¥100,000
紹介で30%還元（全員）
5.0 (249件)
ねずみくん3年前",https://brain-market.com/u/koki-br/a/bwczN2cTMgoTZsNWa0JXY,"¥100,000",249,koki-br,,"【未経験•顔出しなし】TikTok×占い集客完全攻略マニュアル【AIを駆使して投稿作成】
ビジネス
¥100,000
紹介で30%還元（全員）
5.0 (249件)
ねずみくん3年前",,
48,"【シリーズ３冠達成！】占いビジネス×AIライティング占術～AIコンテンツメイクのすすめ３
ライティング
¥4,980
紹介で50%還元（全員）
5.0 (245件)
YUKI3年前",https://brain-market.com/u/yknetdiviner/a/bwQTM3UTMgoTZsNWa0JXY,"¥4,980",245,yknetdiviner,,"【シリーズ３冠達成！】占いビジネス×AIライティング占術～AIコンテンツメイクのすすめ３
ライティング
¥4,980
紹介で50%還元（全員）
5.0 (245件)
YUKI3年前",,
49,"Brainの始め方
ビジネス
¥3,980
紹介で50%還元（全員）
4.9 (245件)
まりぴん2年前",https://brain-market.com/u/maripin/a/bzIDMxAjMgoTZsNWa0JXY,"¥3,980",245,maripin,,"Brainの始め方
ビジネス
¥3,980
紹介で50%還元（全員）
4.9 (245件)
まりぴん2年前",,
50,"【インスタ占いの全て】インスタ×占いマーケティングで月50万円稼ぐ全てを解説！【210部突破🎉】
マーケティング
¥49,980
紹介で50%還元（全員）
5.0 (231件)
リアム | インスタ占い2年前",https://brain-market.com/u/liam_uranai/a/b1cTM4gTMgoTZsNWa0JXY,"¥49,980",231,liam_uranai,,"【インスタ占いの全て】インスタ×占いマーケティングで月50万円稼ぐ全てを解説！【210部突破🎉】
マーケティング
¥49,980
紹介で50%還元（全員）
5.0 (231件)
リアム | インスタ占い2年前",,
51,"【AIを駆使して本を出す】30 days Kindle Program【最初の1冊を確実に出す完全ロードマップ】
SEO・ブログ
¥7,480
紹介で50%還元（全員）
4.9 (214件)
カン｜超マネタイズKindle出版3年前",https://brain-market.com/u/kan11/a/b3UTO1YTMgoTZsNWa0JXY,"¥7,480",214,kan11,,"【AIを駆使して本を出す】30 days Kindle Program【最初の1冊を確実に出す完全ロードマップ】
SEO・ブログ
¥7,480
紹介で50%還元（全員）
4.9 (214件)
カン｜超マネタイズKindle出版3年前",,
52,"Brain・Tipsアフィリエイトの教科書「理論編」【激辛出版】
マーケティング
¥9,800
紹介で50%還元（全員）
5.0 (202件)
沖ケイタ5ヶ月前",https://brain-market.com/u/oki-keita/a/bzAzM5IjMgoTZsNWa0JXY,"¥9,800",202,oki-keita,,"Brain・Tipsアフィリエイトの教科書「理論編」【激辛出版】
マーケティング
¥9,800
紹介で50%還元（全員）
5.0 (202件)
沖ケイタ5ヶ月前",,
53,"【870部突破】広告業界30年のプロが伝授するAI時代を勝ち抜く10の秘技『人の感情を動かすライティング術』
ライティング
¥24,800
紹介で50%還元（全員）
5.0 (177件)
アラタメ堂9ヶ月前",https://brain-market.com/u/aratamedo/a/bwYDMxIjMgoTZsNWa0JXY,"¥24,800",177,aratamedo,,"【870部突破】広告業界30年のプロが伝授するAI時代を勝ち抜く10の秘技『人の感情を動かすライティング術』
ライティング
¥24,800
紹介で50%還元（全員）
5.0 (177件)
アラタメ堂9ヶ月前",,
54,"【完全ブルーオーシャン】超初心者でも30日で10万円『高利益率×高回転』在宅ジャニーズグッズ錬金術
物販
¥39,800
紹介で50%還元（購入者限定）
4.9 (156件)
ぽるとら@ジャニーズBrain総合1位獲得4年前",https://brain-market.com/u/portolano/a/bUTM2ETOgoTZsNWa0JXY,"¥39,800",156,portolano,,"【完全ブルーオーシャン】超初心者でも30日で10万円『高利益率×高回転』在宅ジャニーズグッズ錬金術
物販
¥39,800
紹介で50%還元（購入者限定）
4.9 (156件)
ぽるとら@ジャニーズBrain総合1位獲得4年前",,
55,"【副業AI占い】ChatGPT×Canva【おみくじ＆新春タロット占い】速習パック2024
ビジネス
¥4,980
紹介で50%還元（全員）
5.0 (152件)
YUKI2年前",https://brain-market.com/u/yknetdiviner/a/b5MDN4gTMgoTZsNWa0JXY,"¥4,980",152,yknetdiviner,,"【副業AI占い】ChatGPT×Canva【おみくじ＆新春タロット占い】速習パック2024
ビジネス
¥4,980
紹介で50%還元（全員）
5.0 (152件)
YUKI2年前",,
56,"【副業占いに禁断の神ツール降臨】シャドウAIタロット鑑定自動化パッケージ
ビジネス
¥35,000
紹介で50%還元（全員）
5.0 (133件)
YUKI1年前",https://brain-market.com/u/yknetdiviner/a/b5UzMxAjMgoTZsNWa0JXY,"¥35,000",133,yknetdiviner,,"【副業占いに禁断の神ツール降臨】シャドウAIタロット鑑定自動化パッケージ
ビジネス
¥35,000
紹介で50%還元（全員）
5.0 (133件)
YUKI1年前",,
57,"【音楽知識ゼロでもプロクオリティ】たった2つの質問であなたのイメージが神曲になるGPTs
その他
¥8,980
紹介で50%還元（全員）
4.9 (130件)
ヌンちゃま🥸AI音楽の先生8ヶ月前",https://brain-market.com/u/meison/a/b0kTMzIjMgoTZsNWa0JXY,"¥8,980",130,meison,,"【音楽知識ゼロでもプロクオリティ】たった2つの質問であなたのイメージが神曲になるGPTs
その他
¥8,980
紹介で50%還元（全員）
4.9 (130件)
ヌンちゃま🥸AI音楽の先生8ヶ月前",,
58,"【200部突破】AIに指示するだけでできる非常識コンテンツメイキング術とその活用術
SEO・ブログ
¥1,980
紹介で50%還元（全員）
5.0 (124件)
coocha3年前",https://brain-market.com/u/coocha/a/b2UzN3UTMgoTZsNWa0JXY,"¥1,980",124,coocha,,"【200部突破】AIに指示するだけでできる非常識コンテンツメイキング術とその活用術
SEO・ブログ
¥1,980
紹介で50%還元（全員）
5.0 (124件)
coocha3年前",,
59,"【YouTube収益化✖️主婦のAI副業】おきるママのYouTube脱サラ計画へようこそ
YouTube
¥29,800
紹介で50%還元（全員）
5.0 (122件)
おきるママ1年前",https://brain-market.com/u/okriumama/a/bwETNyEjMgoTZsNWa0JXY,"¥29,800",122,okriumama,,"【YouTube収益化✖️主婦のAI副業】おきるママのYouTube脱サラ計画へようこそ
YouTube
¥29,800
紹介で50%還元（全員）
5.0 (122件)
おきるママ1年前",,
60,"【AIライジング】GPTsセット80個超｜ChatGPT活用大全付き
マーケティング
¥49,800
紹介で50%還元（全員）
4.9 (123件)
ヒナキラ1年前",https://brain-market.com/u/hinakira/a/bwIDO2AjMgoTZsNWa0JXY,"¥49,800",80,hinakira,,"【AIライジング】GPTsセット80個超｜ChatGPT活用大全付き
マーケティング
¥49,800
紹介で50%還元（全員）
4.9 (123件)
ヒナキラ1年前",,
61,"【AIで鑑定作成】副業占い完全攻略マニュアル【0→1突破ロードマップ付き】
ビジネス
¥9,980
紹介で30%還元（全員）
5.0 (457件)
ねずみくん3年前",https://brain-market.com/u/koki-br/a/b1EzNxUTMgoTZsNWa0JXY,"¥9,980",457,koki-br,,"【AIで鑑定作成】副業占い完全攻略マニュアル【0→1突破ロードマップ付き】
ビジネス
¥9,980
紹介で30%還元（全員）
5.0 (457件)
ねずみくん3年前",,
62,"【爆速で0→1突破へ】AI × 誕生日占い鑑定書作成バイブル～稼ぎに特化した副業ネット占いビジネス
ビジネス
¥4,980
紹介で50%還元（全員）
5.0 (420件)
YUKI3年前",https://brain-market.com/u/yknetdiviner/a/b0kTO4cTMgoTZsNWa0JXY,"¥4,980",420,yknetdiviner,,"【爆速で0→1突破へ】AI × 誕生日占い鑑定書作成バイブル～稼ぎに特化した副業ネット占いビジネス
ビジネス
¥4,980
紹介で50%還元（全員）
5.0 (420件)
YUKI3年前",,
63,"【シリーズ5冠達成❢】ブロガーも必見！激時短AIライティング術【秀逸】属人性AI導入の指南書～AIコンテンツメイクのすすめ
その他
¥3,980
紹介で50%還元（全員）
5.0 (341件)
右京3年前",https://brain-market.com/u/brain/a/b2cDOxQTMgoTZsNWa0JXY,"¥3,980",341,brain,,"【シリーズ5冠達成❢】ブロガーも必見！激時短AIライティング術【秀逸】属人性AI導入の指南書～AIコンテンツメイクのすすめ
その他
¥3,980
紹介で50%還元（全員）
5.0 (341件)
右京3年前",,
64,"【2025年更新】インスタ占いスタートガイド ~占いもインスタも知識・経験0から始める初心者戦略~【総合ランキング1位獲得👑】【400部突破】
SNS
¥3,980
紹介で50%還元（全員）
5.0 (305件)
リアム | インスタ占い2年前",https://brain-market.com/u/liam_uranai/a/bwgjN5kTMgoTZsNWa0JXY,"¥3,980",305,liam_uranai,,"【2025年更新】インスタ占いスタートガイド ~占いもインスタも知識・経験0から始める初心者戦略~【総合ランキング1位獲得👑】【400部突破】
SNS
¥3,980
紹介で50%還元（全員）
5.0 (305件)
リアム | インスタ占い2年前",,
65,"【超初心者でも勝ち確】労働からの脱却『1年で利益1000万円稼いだ』在宅ジャニーズ円盤投資術
物販
¥39,800
紹介で50%還元（購入者限定）
5.0 (284件)
ぽるとら@ジャニーズBrain総合1位獲得3年前",https://brain-market.com/u/portolano/a/b3YTN2MTMgoTZsNWa0JXY,"¥39,800",284,portolano,,"【超初心者でも勝ち確】労働からの脱却『1年で利益1000万円稼いだ』在宅ジャニーズ円盤投資術
物販
¥39,800
紹介で50%還元（購入者限定）
5.0 (284件)
ぽるとら@ジャニーズBrain総合1位獲得3年前",,
66,"スマホ1台でできる！日記感覚ブログで月3万円を稼ぐ『アメステップ』
ビジネス
¥4,980
紹介で50%還元（購入者限定）
4.8 (274件)
はたぼー2ヶ月前",https://brain-market.com/u/brain-hatabo/a/bzETNzMjMgoTZsNWa0JXY,"¥4,980",274,brain-hatabo,,"スマホ1台でできる！日記感覚ブログで月3万円を稼ぐ『アメステップ』
ビジネス
¥4,980
紹介で50%還元（購入者限定）
4.8 (274件)
はたぼー2ヶ月前",,
67,"【未経験•顔出しなし】TikTok×占い集客完全攻略マニュアル【AIを駆使して投稿作成】
ビジネス
¥100,000
紹介で30%還元（全員）
5.0 (249件)
ねずみくん3年前",https://brain-market.com/u/koki-br/a/bwczN2cTMgoTZsNWa0JXY,"¥100,000",249,koki-br,,"【未経験•顔出しなし】TikTok×占い集客完全攻略マニュアル【AIを駆使して投稿作成】
ビジネス
¥100,000
紹介で30%還元（全員）
5.0 (249件)
ねずみくん3年前",,
68,"【シリーズ３冠達成！】占いビジネス×AIライティング占術～AIコンテンツメイクのすすめ３
ライティング
¥4,980
紹介で50%還元（全員）
5.0 (245件)
YUKI3年前",https://brain-market.com/u/yknetdiviner/a/bwQTM3UTMgoTZsNWa0JXY,"¥4,980",245,yknetdiviner,,"【シリーズ３冠達成！】占いビジネス×AIライティング占術～AIコンテンツメイクのすすめ３
ライティング
¥4,980
紹介で50%還元（全員）
5.0 (245件)
YUKI3年前",,
69,"Brainの始め方
ビジネス
¥3,980
紹介で50%還元（全員）
4.9 (245件)
まりぴん2年前",https://brain-market.com/u/maripin/a/bzIDMxAjMgoTZsNWa0JXY,"¥3,980",245,maripin,,"Brainの始め方
ビジネス
¥3,980
紹介で50%還元（全員）
4.9 (245件)
まりぴん2年前",,
70,"【インスタ占いの全て】インスタ×占いマーケティングで月50万円稼ぐ全てを解説！【210部突破🎉】
マーケティング
¥49,980
紹介で50%還元（全員）
5.0 (231件)
リアム | インスタ占い2年前",https://brain-market.com/u/liam_uranai/a/b1cTM4gTMgoTZsNWa0JXY,"¥49,980",231,liam_uranai,,"【インスタ占いの全て】インスタ×占いマーケティングで月50万円稼ぐ全てを解説！【210部突破🎉】
マーケティング
¥49,980
紹介で50%還元（全員）
5.0 (231件)
リアム | インスタ占い2年前",,
71,"【AIを駆使して本を出す】30 days Kindle Program【最初の1冊を確実に出す完全ロードマップ】
SEO・ブログ
¥7,480
紹介で50%還元（全員）
4.9 (214件)
カン｜超マネタイズKindle出版3年前",https://brain-market.com/u/kan11/a/b3UTO1YTMgoTZsNWa0JXY,"¥7,480",214,kan11,,"【AIを駆使して本を出す】30 days Kindle Program【最初の1冊を確実に出す完全ロードマップ】
SEO・ブログ
¥7,480
紹介で50%還元（全員）
4.9 (214件)
カン｜超マネタイズKindle出版3年前",,
72,"Brain・Tipsアフィリエイトの教科書「理論編」【激辛出版】
マーケティング
¥9,800
紹介で50%還元（全員）
5.0 (202件)
沖ケイタ5ヶ月前",https://brain-market.com/u/oki-keita/a/bzAzM5IjMgoTZsNWa0JXY,"¥9,800",202,oki-keita,,"Brain・Tipsアフィリエイトの教科書「理論編」【激辛出版】
マーケティング
¥9,800
紹介で50%還元（全員）
5.0 (202件)
沖ケイタ5ヶ月前",,
73,"【870部突破】広告業界30年のプロが伝授するAI時代を勝ち抜く10の秘技『人の感情を動かすライティング術』
ライティング
¥24,800
紹介で50%還元（全員）
5.0 (177件)
アラタメ堂9ヶ月前",https://brain-market.com/u/aratamedo/a/bwYDMxIjMgoTZsNWa0JXY,"¥24,800",177,aratamedo,,"【870部突破】広告業界30年のプロが伝授するAI時代を勝ち抜く10の秘技『人の感情を動かすライティング術』
ライティング
¥24,800
紹介で50%還元（全員）
5.0 (177件)
アラタメ堂9ヶ月前",,
74,"【完全ブルーオーシャン】超初心者でも30日で10万円『高利益率×高回転』在宅ジャニーズグッズ錬金術
物販
¥39,800
紹介で50%還元（購入者限定）
4.9 (156件)
ぽるとら@ジャニーズBrain総合1位獲得4年前",https://brain-market.com/u/portolano/a/bUTM2ETOgoTZsNWa0JXY,"¥39,800",156,portolano,,"【完全ブルーオーシャン】超初心者でも30日で10万円『高利益率×高回転』在宅ジャニーズグッズ錬金術
物販
¥39,800
紹介で50%還元（購入者限定）
4.9 (156件)
ぽるとら@ジャニーズBrain総合1位獲得4年前",,
75,"【副業AI占い】ChatGPT×Canva【おみくじ＆新春タロット占い】速習パック2024
ビジネス
¥4,980
紹介で50%還元（全員）
5.0 (152件)
YUKI2年前",https://brain-market.com/u/yknetdiviner/a/b5MDN4gTMgoTZsNWa0JXY,"¥4,980",152,yknetdiviner,,"【副業AI占い】ChatGPT×Canva【おみくじ＆新春タロット占い】速習パック2024
ビジネス
¥4,980
紹介で50%還元（全員）
5.0 (152件)
YUKI2年前",,
76,"【副業占いに禁断の神ツール降臨】シャドウAIタロット鑑定自動化パッケージ
ビジネス
¥35,000
紹介で50%還元（全員）
5.0 (133件)
YUKI1年前",https://brain-market.com/u/yknetdiviner/a/b5UzMxAjMgoTZsNWa0JXY,"¥35,000",133,yknetdiviner,,"【副業占いに禁断の神ツール降臨】シャドウAIタロット鑑定自動化パッケージ
ビジネス
¥35,000
紹介で50%還元（全員）
5.0 (133件)
YUKI1年前",,
77,"【音楽知識ゼロでもプロクオリティ】たった2つの質問であなたのイメージが神曲になるGPTs
その他
¥8,980
紹介で50%還元（全員）
4.9 (130件)
ヌンちゃま🥸AI音楽の先生8ヶ月前",https://brain-market.com/u/meison/a/b0kTMzIjMgoTZsNWa0JXY,"¥8,980",130,meison,,"【音楽知識ゼロでもプロクオリティ】たった2つの質問であなたのイメージが神曲になるGPTs
その他
¥8,980
紹介で50%還元（全員）
4.9 (130件)
ヌンちゃま🥸AI音楽の先生8ヶ月前",,
78,"【200部突破】AIに指示するだけでできる非常識コンテンツメイキング術とその活用術
SEO・ブログ
¥1,980
紹介で50%還元（全員）
5.0 (124件)
coocha3年前",https://brain-market.com/u/coocha/a/b2UzN3UTMgoTZsNWa0JXY,"¥1,980",124,coocha,,"【200部突破】AIに指示するだけでできる非常識コンテンツメイキング術とその活用術
SEO・ブログ
¥1,980
紹介で50%還元（全員）
5.0 (124件)
coocha3年前",,
79,"【YouTube収益化✖️主婦のAI副業】おきるママのYouTube脱サラ計画へようこそ
YouTube
¥29,800
紹介で50%還元（全員）
5.0 (122件)
おきるママ1年前",https://brain-market.com/u/okriumama/a/bwETNyEjMgoTZsNWa0JXY,"¥29,800",122,okriumama,,"【YouTube収益化✖️主婦のAI副業】おきるママのYouTube脱サラ計画へようこそ
YouTube
¥29,800
紹介で50%還元（全員）
5.0 (122件)
おきるママ1年前",,
80,"【AIライジング】GPTsセット80個超｜ChatGPT活用大全付き
マーケティング
¥49,800
紹介で50%還元（全員）
4.9 (123件)
ヒナキラ1年前",https://brain-market.com/u/hinakira/a/bwIDO2AjMgoTZsNWa0JXY,"¥49,800",80,hinakira,,"【AIライジング】GPTsセット80個超｜ChatGPT活用大全付き
マーケティング
¥49,800
紹介で50%還元（全員）
4.9 (123件)
ヒナキラ1年前",,
81,"【AIで鑑定作成】副業占い完全攻略マニュアル【0→1突破ロードマップ付き】
ビジネス
¥9,980
紹介で30%還元（全員）
5.0 (457件)
ねずみくん3年前",https://brain-market.com/u/koki-br/a/b1EzNxUTMgoTZsNWa0JXY,"¥9,980",457,koki-br,,"【AIで鑑定作成】副業占い完全攻略マニュアル【0→1突破ロードマップ付き】
ビジネス
¥9,980
紹介で30%還元（全員）
5.0 (457件)
ねずみくん3年前",,
82,"【爆速で0→1突破へ】AI × 誕生日占い鑑定書作成バイブル～稼ぎに特化した副業ネット占いビジネス
ビジネス
¥4,980
紹介で50%還元（全員）
5.0 (420件)
YUKI3年前",https://brain-market.com/u/yknetdiviner/a/b0kTO4cTMgoTZsNWa0JXY,"¥4,980",420,yknetdiviner,,"【爆速で0→1突破へ】AI × 誕生日占い鑑定書作成バイブル～稼ぎに特化した副業ネット占いビジネス
ビジネス
¥4,980
紹介で50%還元（全員）
5.0 (420件)
YUKI3年前",,
83,"【シリーズ5冠達成❢】ブロガーも必見！激時短AIライティング術【秀逸】属人性AI導入の指南書～AIコンテンツメイクのすすめ
その他
¥3,980
紹介で50%還元（全員）
5.0 (341件)
右京3年前",https://brain-market.com/u/brain/a/b2cDOxQTMgoTZsNWa0JXY,"¥3,980",341,brain,,"【シリーズ5冠達成❢】ブロガーも必見！激時短AIライティング術【秀逸】属人性AI導入の指南書～AIコンテンツメイクのすすめ
その他
¥3,980
紹介で50%還元（全員）
5.0 (341件)
右京3年前",,
84,"【2025年更新】インスタ占いスタートガイド ~占いもインスタも知識・経験0から始める初心者戦略~【総合ランキング1位獲得👑】【400部突破】
SNS
¥3,980
紹介で50%還元（全員）
5.0 (305件)
リアム | インスタ占い2年前",https://brain-market.com/u/liam_uranai/a/bwgjN5kTMgoTZsNWa0JXY,"¥3,980",305,liam_uranai,,"【2025年更新】インスタ占いスタートガイド ~占いもインスタも知識・経験0から始める初心者戦略~【総合ランキング1位獲得👑】【400部突破】
SNS
¥3,980
紹介で50%還元（全員）
5.0 (305件)
リアム | インスタ占い2年前",,
85,"【超初心者でも勝ち確】労働からの脱却『1年で利益1000万円稼いだ』在宅ジャニーズ円盤投資術
物販
¥39,800
紹介で50%還元（購入者限定）
5.0 (284件)
ぽるとら@ジャニーズBrain総合1位獲得3年前",https://brain-market.com/u/portolano/a/b3YTN2MTMgoTZsNWa0JXY,"¥39,800",284,portolano,,"【超初心者でも勝ち確】労働からの脱却『1年で利益1000万円稼いだ』在宅ジャニーズ円盤投資術
物販
¥39,800
紹介で50%還元（購入者限定）
5.0 (284件)
ぽるとら@ジャニーズBrain総合1位獲得3年前",,
86,"スマホ1台でできる！日記感覚ブログで月3万円を稼ぐ『アメステップ』
ビジネス
¥4,980
紹介で50%還元（購入者限定）
4.8 (274件)
はたぼー2ヶ月前",https://brain-market.com/u/brain-hatabo/a/bzETNzMjMgoTZsNWa0JXY,"¥4,980",274,brain-hatabo,,"スマホ1台でできる！日記感覚ブログで月3万円を稼ぐ『アメステップ』
ビジネス
¥4,980
紹介で50%還元（購入者限定）
4.8 (274件)
はたぼー2ヶ月前",,
87,"【未経験•顔出しなし】TikTok×占い集客完全攻略マニュアル【AIを駆使して投稿作成】
ビジネス
¥100,000
紹介で30%還元（全員）
5.0 (249件)
ねずみくん3年前",https://brain-market.com/u/koki-br/a/bwczN2cTMgoTZsNWa0JXY,"¥100,000",249,koki-br,,"【未経験•顔出しなし】TikTok×占い集客完全攻略マニュアル【AIを駆使して投稿作成】
ビジネス
¥100,000
紹介で30%還元（全員）
5.0 (249件)
ねずみくん3年前",,
88,"【シリーズ３冠達成！】占いビジネス×AIライティング占術～AIコンテンツメイクのすすめ３
ライティング
¥4,980
紹介で50%還元（全員）
5.0 (245件)
YUKI3年前",https://brain-market.com/u/yknetdiviner/a/bwQTM3UTMgoTZsNWa0JXY,"¥4,980",245,yknetdiviner,,"【シリーズ３冠達成！】占いビジネス×AIライティング占術～AIコンテンツメイクのすすめ３
ライティング
¥4,980
紹介で50%還元（全員）
5.0 (245件)
YUKI3年前",,
89,"Brainの始め方
ビジネス
¥3,980
紹介で50%還元（全員）
4.9 (245件)
まりぴん2年前",https://brain-market.com/u/maripin/a/bzIDMxAjMgoTZsNWa0JXY,"¥3,980",245,maripin,,"Brainの始め方
ビジネス
¥3,980
紹介で50%還元（全員）
4.9 (245件)
まりぴん2年前",,
90,"【インスタ占いの全て】インスタ×占いマーケティングで月50万円稼ぐ全てを解説！【210部突破🎉】
マーケティング
¥49,980
紹介で50%還元（全員）
5.0 (231件)
リアム | インスタ占い2年前",https://brain-market.com/u/liam_uranai/a/b1cTM4gTMgoTZsNWa0JXY,"¥49,980",231,liam_uranai,,"【インスタ占いの全て】インスタ×占いマーケティングで月50万円稼ぐ全てを解説！【210部突破🎉】
マーケティング
¥49,980
紹介で50%還元（全員）
5.0 (231件)
リアム | インスタ占い2年前",,
91,"【AIを駆使して本を出す】30 days Kindle Program【最初の1冊を確実に出す完全ロードマップ】
SEO・ブログ
¥7,480
紹介で50%還元（全員）
4.9 (214件)
カン｜超マネタイズKindle出版3年前",https://brain-market.com/u/kan11/a/b3UTO1YTMgoTZsNWa0JXY,"¥7,480",214,kan11,,"【AIを駆使して本を出す】30 days Kindle Program【最初の1冊を確実に出す完全ロードマップ】
SEO・ブログ
¥7,480
紹介で50%還元（全員）
4.9 (214件)
カン｜超マネタイズKindle出版3年前",,
92,"Brain・Tipsアフィリエイトの教科書「理論編」【激辛出版】
マーケティング
¥9,800
紹介で50%還元（全員）
5.0 (202件)
沖ケイタ5ヶ月前",https://brain-market.com/u/oki-keita/a/bzAzM5IjMgoTZsNWa0JXY,"¥9,800",202,oki-keita,,"Brain・Tipsアフィリエイトの教科書「理論編」【激辛出版】
マーケティング
¥9,800
紹介で50%還元（全員）
5.0 (202件)
沖ケイタ5ヶ月前",,
93,"【870部突破】広告業界30年のプロが伝授するAI時代を勝ち抜く10の秘技『人の感情を動かすライティング術』
ライティング
¥24,800
紹介で50%還元（全員）
5.0 (177件)
アラタメ堂9ヶ月前",https://brain-market.com/u/aratamedo/a/bwYDMxIjMgoTZsNWa0JXY,"¥24,800",177,aratamedo,,"【870部突破】広告業界30年のプロが伝授するAI時代を勝ち抜く10の秘技『人の感情を動かすライティング術』
ライティング
¥24,800
紹介で50%還元（全員）
5.0 (177件)
アラタメ堂9ヶ月前",,
94,"【完全ブルーオーシャン】超初心者でも30日で10万円『高利益率×高回転』在宅ジャニーズグッズ錬金術
物販
¥39,800
紹介で50%還元（購入者限定）
4.9 (156件)
ぽるとら@ジャニーズBrain総合1位獲得4年前",https://brain-market.com/u/portolano/a/bUTM2ETOgoTZsNWa0JXY,"¥39,800",156,portolano,,"【完全ブルーオーシャン】超初心者でも30日で10万円『高利益率×高回転』在宅ジャニーズグッズ錬金術
物販
¥39,800
紹介で50%還元（購入者限定）
4.9 (156件)
ぽるとら@ジャニーズBrain総合1位獲得4年前",,
95,"【副業AI占い】ChatGPT×Canva【おみくじ＆新春タロット占い】速習パック2024
ビジネス
¥4,980
紹介で50%還元（全員）
5.0 (152件)
YUKI2年前",https://brain-market.com/u/yknetdiviner/a/b5MDN4gTMgoTZsNWa0JXY,"¥4,980",152,yknetdiviner,,"【副業AI占い】ChatGPT×Canva【おみくじ＆新春タロット占い】速習パック2024
ビジネス
¥4,980
紹介で50%還元（全員）
5.0 (152件)
YUKI2年前",,
96,"【副業占いに禁断の神ツール降臨】シャドウAIタロット鑑定自動化パッケージ
ビジネス
¥35,000
紹介で50%還元（全員）
5.0 (133件)
YUKI1年前",https://brain-market.com/u/yknetdiviner/a/b5UzMxAjMgoTZsNWa0JXY,"¥35,000",133,yknetdiviner,,"【副業占いに禁断の神ツール降臨】シャドウAIタロット鑑定自動化パッケージ
ビジネス
¥35,000
紹介で50%還元（全員）
5.0 (133件)
YUKI1年前",,
97,"【音楽知識ゼロでもプロクオリティ】たった2つの質問であなたのイメージが神曲になるGPTs
その他
¥8,980
紹介で50%還元（全員）
4.9 (130件)
ヌンちゃま🥸AI音楽の先生8ヶ月前",https://brain-market.com/u/meison/a/b0kTMzIjMgoTZsNWa0JXY,"¥8,980",130,meison,,"【音楽知識ゼロでもプロクオリティ】たった2つの質問であなたのイメージが神曲になるGPTs
その他
¥8,980
紹介で50%還元（全員）
4.9 (130件)
ヌンちゃま🥸AI音楽の先生8ヶ月前",,
98,"【200部突破】AIに指示するだけでできる非常識コンテンツメイキング術とその活用術
SEO・ブログ
¥1,980
紹介で50%還元（全員）
5.0 (124件)
coocha3年前",https://brain-market.com/u/coocha/a/b2UzN3UTMgoTZsNWa0JXY,"¥1,980",124,coocha,,"【200部突破】AIに指示するだけでできる非常識コンテンツメイキング術とその活用術
SEO・ブログ
¥1,980
紹介で50%還元（全員）
5.0 (124件)
coocha3年前",,
99,"【YouTube収益化✖️主婦のAI副業】おきるママのYouTube脱サラ計画へようこそ
YouTube
¥29,800
紹介で50%還元（全員）
5.0 (122件)
おきるママ1年前",https://brain-market.com/u/okriumama/a/bwETNyEjMgoTZsNWa0JXY,"¥29,800",122,okriumama,,"【YouTube収益化✖️主婦のAI副業】おきるママのYouTube脱サラ計画へようこそ
YouTube
¥29,800
紹介で50%還元（全員）
5.0 (122件)
おきるママ1年前",,
100,"【AIライジング】GPTsセット80個超｜ChatGPT活用大全付き
マーケティング
¥49,800
紹介で50%還元（全員）
4.9 (123件)
ヒナキラ1年前",https://brain-market.com/u/hinakira/a/bwIDO2AjMgoTZsNWa0JXY,"¥49,800",80,hinakira,,"【AIライジング】GPTsセット80個超｜ChatGPT活用大全付き
マーケティング
¥49,800
紹介で50%還元（全員）
4.9 (123件)
ヒナキラ1年前",,
101,"【AIで鑑定作成】副業占い完全攻略マニュアル【0→1突破ロードマップ付き】
ビジネス
¥9,980
紹介で30%還元（全員）
5.0 (457件)
ねずみくん3年前",https://brain-market.com/u/koki-br/a/b1EzNxUTMgoTZsNWa0JXY,"¥9,980",457,koki-br,,"【AIで鑑定作成】副業占い完全攻略マニュアル【0→1突破ロードマップ付き】
ビジネス
¥9,980
紹介で30%還元（全員）
5.0 (457件)
ねずみくん3年前",,
102,"【爆速で0→1突破へ】AI × 誕生日占い鑑定書作成バイブル～稼ぎに特化した副業ネット占いビジネス
ビジネス
¥4,980
紹介で50%還元（全員）
5.0 (420件)
YUKI3年前",https://brain-market.com/u/yknetdiviner/a/b0kTO4cTMgoTZsNWa0JXY,"¥4,980",420,yknetdiviner,,"【爆速で0→1突破へ】AI × 誕生日占い鑑定書作成バイブル～稼ぎに特化した副業ネット占いビジネス
ビジネス
¥4,980
紹介で50%還元（全員）
5.0 (420件)
YUKI3年前",,
103,"【シリーズ5冠達成❢】ブロガーも必見！激時短AIライティング術【秀逸】属人性AI導入の指南書～AIコンテンツメイクのすすめ
その他
¥3,980
紹介で50%還元（全員）
5.0 (341件)
右京3年前",https://brain-market.com/u/brain/a/b2cDOxQTMgoTZsNWa0JXY,"¥3,980",341,brain,,"【シリーズ5冠達成❢】ブロガーも必見！激時短AIライティング術【秀逸】属人性AI導入の指南書～AIコンテンツメイクのすすめ
その他
¥3,980
紹介で50%還元（全員）
5.0 (341件)
右京3年前",,
104,"【2025年更新】インスタ占いスタートガイド ~占いもインスタも知識・経験0から始める初心者戦略~【総合ランキング1位獲得👑】【400部突破】
SNS
¥3,980
紹介で50%還元（全員）
5.0 (305件)
リアム | インスタ占い2年前",https://brain-market.com/u/liam_uranai/a/bwgjN5kTMgoTZsNWa0JXY,"¥3,980",305,liam_uranai,,"【2025年更新】インスタ占いスタートガイド ~占いもインスタも知識・経験0から始める初心者戦略~【総合ランキング1位獲得👑】【400部突破】
SNS
¥3,980
紹介で50%還元（全員）
5.0 (305件)
リアム | インスタ占い2年前",,
105,"【超初心者でも勝ち確】労働からの脱却『1年で利益1000万円稼いだ』在宅ジャニーズ円盤投資術
物販
¥39,800
紹介で50%還元（購入者限定）
5.0 (284件)
ぽるとら@ジャニーズBrain総合1位獲得3年前",https://brain-market.com/u/portolano/a/b3YTN2MTMgoTZsNWa0JXY,"¥39,800",284,portolano,,"【超初心者でも勝ち確】労働からの脱却『1年で利益1000万円稼いだ』在宅ジャニーズ円盤投資術
物販
¥39,800
紹介で50%還元（購入者限定）
5.0 (284件)
ぽるとら@ジャニーズBrain総合1位獲得3年前",,
106,"スマホ1台でできる！日記感覚ブログで月3万円を稼ぐ『アメステップ』
ビジネス
¥4,980
紹介で50%還元（購入者限定）
4.8 (274件)
はたぼー2ヶ月前",https://brain-market.com/u/brain-hatabo/a/bzETNzMjMgoTZsNWa0JXY,"¥4,980",274,brain-hatabo,,"スマホ1台でできる！日記感覚ブログで月3万円を稼ぐ『アメステップ』
ビジネス
¥4,980
紹介で50%還元（購入者限定）
4.8 (274件)
はたぼー2ヶ月前",,
107,"【未経験•顔出しなし】TikTok×占い集客完全攻略マニュアル【AIを駆使して投稿作成】
ビジネス
¥100,000
紹介で30%還元（全員）
5.0 (249件)
ねずみくん3年前",https://brain-market.com/u/koki-br/a/bwczN2cTMgoTZsNWa0JXY,"¥100,000",249,koki-br,,"【未経験•顔出しなし】TikTok×占い集客完全攻略マニュアル【AIを駆使して投稿作成】
ビジネス
¥100,000
紹介で30%還元（全員）
5.0 (249件)
ねずみくん3年前",,
108,"【シリーズ３冠達成！】占いビジネス×AIライティング占術～AIコンテンツメイクのすすめ３
ライティング
¥4,980
紹介で50%還元（全員）
5.0 (245件)
YUKI3年前",https://brain-market.com/u/yknetdiviner/a/bwQTM3UTMgoTZsNWa0JXY,"¥4,980",245,yknetdiviner,,"【シリーズ３冠達成！】占いビジネス×AIライティング占術～AIコンテンツメイクのすすめ３
ライティング
¥4,980
紹介で50%還元（全員）
5.0 (245件)
YUKI3年前",,
109,"Brainの始め方
ビジネス
¥3,980
紹介で50%還元（全員）
4.9 (245件)
まりぴん2年前",https://brain-market.com/u/maripin/a/bzIDMxAjMgoTZsNWa0JXY,"¥3,980",245,maripin,,"Brainの始め方
ビジネス
¥3,980
紹介で50%還元（全員）
4.9 (245件)
まりぴん2年前",,
110,"【インスタ占いの全て】インスタ×占いマーケティングで月50万円稼ぐ全てを解説！【210部突破🎉】
マーケティング
¥49,980
紹介で50%還元（全員）
5.0 (231件)
リアム | インスタ占い2年前",https://brain-market.com/u/liam_uranai/a/b1cTM4gTMgoTZsNWa0JXY,"¥49,980",231,liam_uranai,,"【インスタ占いの全て】インスタ×占いマーケティングで月50万円稼ぐ全てを解説！【210部突破🎉】
マーケティング
¥49,980
紹介で50%還元（全員）
5.0 (231件)
リアム | インスタ占い2年前",,
111,"【AIを駆使して本を出す】30 days Kindle Program【最初の1冊を確実に出す完全ロードマップ】
SEO・ブログ
¥7,480
紹介で50%還元（全員）
4.9 (214件)
カン｜超マネタイズKindle出版3年前",https://brain-market.com/u/kan11/a/b3UTO1YTMgoTZsNWa0JXY,"¥7,480",214,kan11,,"【AIを駆使して本を出す】30 days Kindle Program【最初の1冊を確実に出す完全ロードマップ】
SEO・ブログ
¥7,480
紹介で50%還元（全員）
4.9 (214件)
カン｜超マネタイズKindle出版3年前",,
112,"Brain・Tipsアフィリエイトの教科書「理論編」【激辛出版】
マーケティング
¥9,800
紹介で50%還元（全員）
5.0 (202件)
沖ケイタ5ヶ月前",https://brain-market.com/u/oki-keita/a/bzAzM5IjMgoTZsNWa0JXY,"¥9,800",202,oki-keita,,"Brain・Tipsアフィリエイトの教科書「理論編」【激辛出版】
マーケティング
¥9,800
紹介で50%還元（全員）
5.0 (202件)
沖ケイタ5ヶ月前",,
113,"【870部突破】広告業界30年のプロが伝授するAI時代を勝ち抜く10の秘技『人の感情を動かすライティング術』
ライティング
¥24,800
紹介で50%還元（全員）
5.0 (177件)
アラタメ堂9ヶ月前",https://brain-market.com/u/aratamedo/a/bwYDMxIjMgoTZsNWa0JXY,"¥24,800",177,aratamedo,,"【870部突破】広告業界30年のプロが伝授するAI時代を勝ち抜く10の秘技『人の感情を動かすライティング術』
ライティング
¥24,800
紹介で50%還元（全員）
5.0 (177件)
アラタメ堂9ヶ月前",,
114,"【完全ブルーオーシャン】超初心者でも30日で10万円『高利益率×高回転』在宅ジャニーズグッズ錬金術
物販
¥39,800
紹介で50%還元（購入者限定）
4.9 (156件)
ぽるとら@ジャニーズBrain総合1位獲得4年前",https://brain-market.com/u/portolano/a/bUTM2ETOgoTZsNWa0JXY,"¥39,800",156,portolano,,"【完全ブルーオーシャン】超初心者でも30日で10万円『高利益率×高回転』在宅ジャニーズグッズ錬金術
物販
¥39,800
紹介で50%還元（購入者限定）
4.9 (156件)
ぽるとら@ジャニーズBrain総合1位獲得4年前",,
115,"【副業AI占い】ChatGPT×Canva【おみくじ＆新春タロット占い】速習パック2024
ビジネス
¥4,980
紹介で50%還元（全員）
5.0 (152件)
YUKI2年前",https://brain-market.com/u/yknetdiviner/a/b5MDN4gTMgoTZsNWa0JXY,"¥4,980",152,yknetdiviner,,"【副業AI占い】ChatGPT×Canva【おみくじ＆新春タロット占い】速習パック2024
ビジネス
¥4,980
紹介で50%還元（全員）
5.0 (152件)
YUKI2年前",,
116,"【副業占いに禁断の神ツール降臨】シャドウAIタロット鑑定自動化パッケージ
ビジネス
¥35,000
紹介で50%還元（全員）
5.0 (133件)
YUKI1年前",https://brain-market.com/u/yknetdiviner/a/b5UzMxAjMgoTZsNWa0JXY,"¥35,000",133,yknetdiviner,,"【副業占いに禁断の神ツール降臨】シャドウAIタロット鑑定自動化パッケージ
ビジネス
¥35,000
紹介で50%還元（全員）
5.0 (133件)
YUKI1年前",,
117,"【音楽知識ゼロでもプロクオリティ】たった2つの質問であなたのイメージが神曲になるGPTs
その他
¥8,980
紹介で50%還元（全員）
4.9 (130件)
ヌンちゃま🥸AI音楽の先生8ヶ月前",https://brain-market.com/u/meison/a/b0kTMzIjMgoTZsNWa0JXY,"¥8,980",130,meison,,"【音楽知識ゼロでもプロクオリティ】たった2つの質問であなたのイメージが神曲になるGPTs
その他
¥8,980
紹介で50%還元（全員）
4.9 (130件)
ヌンちゃま🥸AI音楽の先生8ヶ月前",,
118,"【200部突破】AIに指示するだけでできる非常識コンテンツメイキング術とその活用術
SEO・ブログ
¥1,980
紹介で50%還元（全員）
5.0 (124件)
coocha3年前",https://brain-market.com/u/coocha/a/b2UzN3UTMgoTZsNWa0JXY,"¥1,980",124,coocha,,"【200部突破】AIに指示するだけでできる非常識コンテンツメイキング術とその活用術
SEO・ブログ
¥1,980
紹介で50%還元（全員）
5.0 (124件)
coocha3年前",,
119,"【YouTube収益化✖️主婦のAI副業】おきるママのYouTube脱サラ計画へようこそ
YouTube
¥29,800
紹介で50%還元（全員）
5.0 (122件)
おきるママ1年前",https://brain-market.com/u/okriumama/a/bwETNyEjMgoTZsNWa0JXY,"¥29,800",122,okriumama,,"【YouTube収益化✖️主婦のAI副業】おきるママのYouTube脱サラ計画へようこそ
YouTube
¥29,800
紹介で50%還元（全員）
5.0 (122件)
おきるママ1年前",,
120,"【AIライジング】GPTsセット80個超｜ChatGPT活用大全付き
マーケティング
¥49,800
紹介で50%還元（全員）
4.9 (123件)
ヒナキラ1年前",https://brain-market.com/u/hinakira/a/bwIDO2AjMgoTZsNWa0JXY,"¥49,800",80,hinakira,,"【AIライジング】GPTsセット80個超｜ChatGPT活用大全付き
マーケティング
¥49,800
紹介で50%還元（全員）
4.9 (123件)
ヒナキラ1年前",,
121,"【AIで鑑定作成】副業占い完全攻略マニュアル【0→1突破ロードマップ付き】
ビジネス
¥9,980
紹介で30%還元（全員）
5.0 (457件)
ねずみくん3年前",https://brain-market.com/u/koki-br/a/b1EzNxUTMgoTZsNWa0JXY,"¥9,980",457,koki-br,,"【AIで鑑定作成】副業占い完全攻略マニュアル【0→1突破ロードマップ付き】
ビジネス
¥9,980
紹介で30%還元（全員）
5.0 (457件)
ねずみくん3年前",,
122,"【爆速で0→1突破へ】AI × 誕生日占い鑑定書作成バイブル～稼ぎに特化した副業ネット占いビジネス
ビジネス
¥4,980
紹介で50%還元（全員）
5.0 (420件)
YUKI3年前",https://brain-market.com/u/yknetdiviner/a/b0kTO4cTMgoTZsNWa0JXY,"¥4,980",420,yknetdiviner,,"【爆速で0→1突破へ】AI × 誕生日占い鑑定書作成バイブル～稼ぎに特化した副業ネット占いビジネス
ビジネス
¥4,980
紹介で50%還元（全員）
5.0 (420件)
YUKI3年前",,
123,"【シリーズ5冠達成❢】ブロガーも必見！激時短AIライティング術【秀逸】属人性AI導入の指南書～AIコンテンツメイクのすすめ
その他
¥3,980
紹介で50%還元（全員）
5.0 (341件)
右京3年前",https://brain-market.com/u/brain/a/b2cDOxQTMgoTZsNWa0JXY,"¥3,980",341,brain,,"【シリーズ5冠達成❢】ブロガーも必見！激時短AIライティング術【秀逸】属人性AI導入の指南書～AIコンテンツメイクのすすめ
その他
¥3,980
紹介で50%還元（全員）
5.0 (341件)
右京3年前",,
124,"【2025年更新】インスタ占いスタートガイド ~占いもインスタも知識・経験0から始める初心者戦略~【総合ランキング1位獲得👑】【400部突破】
SNS
¥3,980
紹介で50%還元（全員）
5.0 (305件)
リアム | インスタ占い2年前",https://brain-market.com/u/liam_uranai/a/bwgjN5kTMgoTZsNWa0JXY,"¥3,980",305,liam_uranai,,"【2025年更新】インスタ占いスタートガイド ~占いもインスタも知識・経験0から始める初心者戦略~【総合ランキング1位獲得👑】【400部突破】
SNS
¥3,980
紹介で50%還元（全員）
5.0 (305件)
リアム | インスタ占い2年前",,
125,"【超初心者でも勝ち確】労働からの脱却『1年で利益1000万円稼いだ』在宅ジャニーズ円盤投資術
物販
¥39,800
紹介で50%還元（購入者限定）
5.0 (284件)
ぽるとら@ジャニーズBrain総合1位獲得3年前",https://brain-market.com/u/portolano/a/b3YTN2MTMgoTZsNWa0JXY,"¥39,800",284,portolano,,"【超初心者でも勝ち確】労働からの脱却『1年で利益1000万円稼いだ』在宅ジャニーズ円盤投資術
物販
¥39,800
紹介で50%還元（購入者限定）
5.0 (284件)
ぽるとら@ジャニーズBrain総合1位獲得3年前",,
126,"スマホ1台でできる！日記感覚ブログで月3万円を稼ぐ『アメステップ』
ビジネス
¥4,980
紹介で50%還元（購入者限定）
4.8 (274件)
はたぼー2ヶ月前",https://brain-market.com/u/brain-hatabo/a/bzETNzMjMgoTZsNWa0JXY,"¥4,980",274,brain-hatabo,,"スマホ1台でできる！日記感覚ブログで月3万円を稼ぐ『アメステップ』
ビジネス
¥4,980
紹介で50%還元（購入者限定）
4.8 (274件)
はたぼー2ヶ月前",,
127,"【未経験•顔出しなし】TikTok×占い集客完全攻略マニュアル【AIを駆使して投稿作成】
ビジネス
¥100,000
紹介で30%還元（全員）
5.0 (249件)
ねずみくん3年前",https://brain-market.com/u/koki-br/a/bwczN2cTMgoTZsNWa0JXY,"¥100,000",249,koki-br,,"【未経験•顔出しなし】TikTok×占い集客完全攻略マニュアル【AIを駆使して投稿作成】
ビジネス
¥100,000
紹介で30%還元（全員）
5.0 (249件)
ねずみくん3年前",,
128,"【シリーズ３冠達成！】占いビジネス×AIライティング占術～AIコンテンツメイクのすすめ３
ライティング
¥4,980
紹介で50%還元（全員）
5.0 (245件)
YUKI3年前",https://brain-market.com/u/yknetdiviner/a/bwQTM3UTMgoTZsNWa0JXY,"¥4,980",245,yknetdiviner,,"【シリーズ３冠達成！】占いビジネス×AIライティング占術～AIコンテンツメイクのすすめ３
ライティング
¥4,980
紹介で50%還元（全員）
5.0 (245件)
YUKI3年前",,
129,"Brainの始め方
ビジネス
¥3,980
紹介で50%還元（全員）
4.9 (245件)
まりぴん2年前",https://brain-market.com/u/maripin/a/bzIDMxAjMgoTZsNWa0JXY,"¥3,980",245,maripin,,"Brainの始め方
ビジネス
¥3,980
紹介で50%還元（全員）
4.9 (245件)
まりぴん2年前",,
130,"【インスタ占いの全て】インスタ×占いマーケティングで月50万円稼ぐ全てを解説！【210部突破🎉】
マーケティング
¥49,980
紹介で50%還元（全員）
5.0 (231件)
リアム | インスタ占い2年前",https://brain-market.com/u/liam_uranai/a/b1cTM4gTMgoTZsNWa0JXY,"¥49,980",231,liam_uranai,,"【インスタ占いの全て】インスタ×占いマーケティングで月50万円稼ぐ全てを解説！【210部突破🎉】
マーケティング
¥49,980
紹介で50%還元（全員）
5.0 (231件)
リアム | インスタ占い2年前",,
131,"【AIを駆使して本を出す】30 days Kindle Program【最初の1冊を確実に出す完全ロードマップ】
SEO・ブログ
¥7,480
紹介で50%還元（全員）
4.9 (214件)
カン｜超マネタイズKindle出版3年前",https://brain-market.com/u/kan11/a/b3UTO1YTMgoTZsNWa0JXY,"¥7,480",214,kan11,,"【AIを駆使して本を出す】30 days Kindle Program【最初の1冊を確実に出す完全ロードマップ】
SEO・ブログ
¥7,480
紹介で50%還元（全員）
4.9 (214件)
カン｜超マネタイズKindle出版3年前",,
132,"Brain・Tipsアフィリエイトの教科書「理論編」【激辛出版】
マーケティング
¥9,800
紹介で50%還元（全員）
5.0 (202件)
沖ケイタ5ヶ月前",https://brain-market.com/u/oki-keita/a/bzAzM5IjMgoTZsNWa0JXY,"¥9,800",202,oki-keita,,"Brain・Tipsアフィリエイトの教科書「理論編」【激辛出版】
マーケティング
¥9,800
紹介で50%還元（全員）
5.0 (202件)
沖ケイタ5ヶ月前",,
133,"【870部突破】広告業界30年のプロが伝授するAI時代を勝ち抜く10の秘技『人の感情を動かすライティング術』
ライティング
¥24,800
紹介で50%還元（全員）
5.0 (177件)
アラタメ堂9ヶ月前",https://brain-market.com/u/aratamedo/a/bwYDMxIjMgoTZsNWa0JXY,"¥24,800",177,aratamedo,,"【870部突破】広告業界30年のプロが伝授するAI時代を勝ち抜く10の秘技『人の感情を動かすライティング術』
ライティング
¥24,800
紹介で50%還元（全員）
5.0 (177件)
アラタメ堂9ヶ月前",,
134,"【完全ブルーオーシャン】超初心者でも30日で10万円『高利益率×高回転』在宅ジャニーズグッズ錬金術
物販
¥39,800
紹介で50%還元（購入者限定）
4.9 (156件)
ぽるとら@ジャニーズBrain総合1位獲得4年前",https://brain-market.com/u/portolano/a/bUTM2ETOgoTZsNWa0JXY,"¥39,800",156,portolano,,"【完全ブルーオーシャン】超初心者でも30日で10万円『高利益率×高回転』在宅ジャニーズグッズ錬金術
物販
¥39,800
紹介で50%還元（購入者限定）
4.9 (156件)
ぽるとら@ジャニーズBrain総合1位獲得4年前",,
135,"【副業AI占い】ChatGPT×Canva【おみくじ＆新春タロット占い】速習パック2024
ビジネス
¥4,980
紹介で50%還元（全員）
5.0 (152件)
YUKI2年前",https://brain-market.com/u/yknetdiviner/a/b5MDN4gTMgoTZsNWa0JXY,"¥4,980",152,yknetdiviner,,"【副業AI占い】ChatGPT×Canva【おみくじ＆新春タロット占い】速習パック2024
ビジネス
¥4,980
紹介で50%還元（全員）
5.0 (152件)
YUKI2年前",,
136,"【副業占いに禁断の神ツール降臨】シャドウAIタロット鑑定自動化パッケージ
ビジネス
¥35,000
紹介で50%還元（全員）
5.0 (133件)
YUKI1年前",https://brain-market.com/u/yknetdiviner/a/b5UzMxAjMgoTZsNWa0JXY,"¥35,000",133,yknetdiviner,,"【副業占いに禁断の神ツール降臨】シャドウAIタロット鑑定自動化パッケージ
ビジネス
¥35,000
紹介で50%還元（全員）
5.0 (133件)
YUKI1年前",,
137,"【音楽知識ゼロでもプロクオリティ】たった2つの質問であなたのイメージが神曲になるGPTs
その他
¥8,980
紹介で50%還元（全員）
4.9 (130件)
ヌンちゃま🥸AI音楽の先生8ヶ月前",https://brain-market.com/u/meison/a/b0kTMzIjMgoTZsNWa0JXY,"¥8,980",130,meison,,"【音楽知識ゼロでもプロクオリティ】たった2つの質問であなたのイメージが神曲になるGPTs
その他
¥8,980
紹介で50%還元（全員）
4.9 (130件)
ヌンちゃま🥸AI音楽の先生8ヶ月前",,
138,"【200部突破】AIに指示するだけでできる非常識コンテンツメイキング術とその活用術
SEO・ブログ
¥1,980
紹介で50%還元（全員）
5.0 (124件)
coocha3年前",https://brain-market.com/u/coocha/a/b2UzN3UTMgoTZsNWa0JXY,"¥1,980",124,coocha,,"【200部突破】AIに指示するだけでできる非常識コンテンツメイキング術とその活用術
SEO・ブログ
¥1,980
紹介で50%還元（全員）
5.0 (124件)
coocha3年前",,
139,"【YouTube収益化✖️主婦のAI副業】おきるママのYouTube脱サラ計画へようこそ
YouTube
¥29,800
紹介で50%還元（全員）
5.0 (122件)
おきるママ1年前",https://brain-market.com/u/okriumama/a/bwETNyEjMgoTZsNWa0JXY,"¥29,800",122,okriumama,,"【YouTube収益化✖️主婦のAI副業】おきるママのYouTube脱サラ計画へようこそ
YouTube
¥29,800
紹介で50%還元（全員）
5.0 (122件)
おきるママ1年前",,
140,"【AIライジング】GPTsセット80個超｜ChatGPT活用大全付き
マーケティング
¥49,800
紹介で50%還元（全員）
4.9 (123件)
ヒナキラ1年前",https://brain-market.com/u/hinakira/a/bwIDO2AjMgoTZsNWa0JXY,"¥49,800",80,hinakira,,"【AIライジング】GPTsセット80個超｜ChatGPT活用大全付き
マーケティング
¥49,800
紹介で50%還元（全員）
4.9 (123件)
ヒナキラ1年前",,
141,"【AIで鑑定作成】副業占い完全攻略マニュアル【0→1突破ロードマップ付き】
ビジネス
¥9,980
紹介で30%還元（全員）
5.0 (457件)
ねずみくん3年前",https://brain-market.com/u/koki-br/a/b1EzNxUTMgoTZsNWa0JXY,"¥9,980",457,koki-br,,"【AIで鑑定作成】副業占い完全攻略マニュアル【0→1突破ロードマップ付き】
ビジネス
¥9,980
紹介で30%還元（全員）
5.0 (457件)
ねずみくん3年前",,
142,"【爆速で0→1突破へ】AI × 誕生日占い鑑定書作成バイブル～稼ぎに特化した副業ネット占いビジネス
ビジネス
¥4,980
紹介で50%還元（全員）
5.0 (420件)
YUKI3年前",https://brain-market.com/u/yknetdiviner/a/b0kTO4cTMgoTZsNWa0JXY,"¥4,980",420,yknetdiviner,,"【爆速で0→1突破へ】AI × 誕生日占い鑑定書作成バイブル～稼ぎに特化した副業ネット占いビジネス
ビジネス
¥4,980
紹介で50%還元（全員）
5.0 (420件)
YUKI3年前",,
143,"【シリーズ5冠達成❢】ブロガーも必見！激時短AIライティング術【秀逸】属人性AI導入の指南書～AIコンテンツメイクのすすめ
その他
¥3,980
紹介で50%還元（全員）
5.0 (341件)
右京3年前",https://brain-market.com/u/brain/a/b2cDOxQTMgoTZsNWa0JXY,"¥3,980",341,brain,,"【シリーズ5冠達成❢】ブロガーも必見！激時短AIライティング術【秀逸】属人性AI導入の指南書～AIコンテンツメイクのすすめ
その他
¥3,980
紹介で50%還元（全員）
5.0 (341件)
右京3年前",,
144,"【2025年更新】インスタ占いスタートガイド ~占いもインスタも知識・経験0から始める初心者戦略~【総合ランキング1位獲得👑】【400部突破】
SNS
¥3,980
紹介で50%還元（全員）
5.0 (305件)
リアム | インスタ占い2年前",https://brain-market.com/u/liam_uranai/a/bwgjN5kTMgoTZsNWa0JXY,"¥3,980",305,liam_uranai,,"【2025年更新】インスタ占いスタートガイド ~占いもインスタも知識・経験0から始める初心者戦略~【総合ランキング1位獲得👑】【400部突破】
SNS
¥3,980
紹介で50%還元（全員）
5.0 (305件)
リアム | インスタ占い2年前",,
145,"【超初心者でも勝ち確】労働からの脱却『1年で利益1000万円稼いだ』在宅ジャニーズ円盤投資術
物販
¥39,800
紹介で50%還元（購入者限定）
5.0 (284件)
ぽるとら@ジャニーズBrain総合1位獲得3年前",https://brain-market.com/u/portolano/a/b3YTN2MTMgoTZsNWa0JXY,"¥39,800",284,portolano,,"【超初心者でも勝ち確】労働からの脱却『1年で利益1000万円稼いだ』在宅ジャニーズ円盤投資術
物販
¥39,800
紹介で50%還元（購入者限定）
5.0 (284件)
ぽるとら@ジャニーズBrain総合1位獲得3年前",,
146,"スマホ1台でできる！日記感覚ブログで月3万円を稼ぐ『アメステップ』
ビジネス
¥4,980
紹介で50%還元（購入者限定）
4.8 (274件)
はたぼー2ヶ月前",https://brain-market.com/u/brain-hatabo/a/bzETNzMjMgoTZsNWa0JXY,"¥4,980",274,brain-hatabo,,"スマホ1台でできる！日記感覚ブログで月3万円を稼ぐ『アメステップ』
ビジネス
¥4,980
紹介で50%還元（購入者限定）
4.8 (274件)
はたぼー2ヶ月前",,
147,"【未経験•顔出しなし】TikTok×占い集客完全攻略マニュアル【AIを駆使して投稿作成】
ビジネス
¥100,000
紹介で30%還元（全員）
5.0 (249件)
ねずみくん3年前",https://brain-market.com/u/koki-br/a/bwczN2cTMgoTZsNWa0JXY,"¥100,000",249,koki-br,,"【未経験•顔出しなし】TikTok×占い集客完全攻略マニュアル【AIを駆使して投稿作成】
ビジネス
¥100,000
紹介で30%還元（全員）
5.0 (249件)
ねずみくん3年前",,
148,"【シリーズ３冠達成！】占いビジネス×AIライティング占術～AIコンテンツメイクのすすめ３
ライティング
¥4,980
紹介で50%還元（全員）
5.0 (245件)
YUKI3年前",https://brain-market.com/u/yknetdiviner/a/bwQTM3UTMgoTZsNWa0JXY,"¥4,980",245,yknetdiviner,,"【シリーズ３冠達成！】占いビジネス×AIライティング占術～AIコンテンツメイクのすすめ３
ライティング
¥4,980
紹介で50%還元（全員）
5.0 (245件)
YUKI3年前",,
149,"Brainの始め方
ビジネス
¥3,980
紹介で50%還元（全員）
4.9 (245件)
まりぴん2年前",https://brain-market.com/u/maripin/a/bzIDMxAjMgoTZsNWa0JXY,"¥3,980",245,maripin,,"Brainの始め方
ビジネス
¥3,980
紹介で50%還元（全員）
4.9 (245件)
まりぴん2年前",,
150,"【インスタ占いの全て】インスタ×占いマーケティングで月50万円稼ぐ全てを解説！【210部突破🎉】
マーケティング
¥49,980
紹介で50%還元（全員）
5.0 (231件)
リアム | インスタ占い2年前",https://brain-market.com/u/liam_uranai/a/b1cTM4gTMgoTZsNWa0JXY,"¥49,980",231,liam_uranai,,"【インスタ占いの全て】インスタ×占いマーケティングで月50万円稼ぐ全てを解説！【210部突破🎉】
マーケティング
¥49,980
紹介で50%還元（全員）
5.0 (231件)
リアム | インスタ占い2年前",,
151,"【AIを駆使して本を出す】30 days Kindle Program【最初の1冊を確実に出す完全ロードマップ】
SEO・ブログ
¥7,480
紹介で50%還元（全員）
4.9 (214件)
カン｜超マネタイズKindle出版3年前",https://brain-market.com/u/kan11/a/b3UTO1YTMgoTZsNWa0JXY,"¥7,480",214,kan11,,"【AIを駆使して本を出す】30 days Kindle Program【最初の1冊を確実に出す完全ロードマップ】
SEO・ブログ
¥7,480
紹介で50%還元（全員）
4.9 (214件)
カン｜超マネタイズKindle出版3年前",,
152,"Brain・Tipsアフィリエイトの教科書「理論編」【激辛出版】
マーケティング
¥9,800
紹介で50%還元（全員）
5.0 (202件)
沖ケイタ5ヶ月前",https://brain-market.com/u/oki-keita/a/bzAzM5IjMgoTZsNWa0JXY,"¥9,800",202,oki-keita,,"Brain・Tipsアフィリエイトの教科書「理論編」【激辛出版】
マーケティング
¥9,800
紹介で50%還元（全員）
5.0 (202件)
沖ケイタ5ヶ月前",,
153,"【870部突破】広告業界30年のプロが伝授するAI時代を勝ち抜く10の秘技『人の感情を動かすライティング術』
ライティング
¥24,800
紹介で50%還元（全員）
5.0 (177件)
アラタメ堂9ヶ月前",https://brain-market.com/u/aratamedo/a/bwYDMxIjMgoTZsNWa0JXY,"¥24,800",177,aratamedo,,"【870部突破】広告業界30年のプロが伝授するAI時代を勝ち抜く10の秘技『人の感情を動かすライティング術』
ライティング
¥24,800
紹介で50%還元（全員）
5.0 (177件)
アラタメ堂9ヶ月前",,
154,"【完全ブルーオーシャン】超初心者でも30日で10万円『高利益率×高回転』在宅ジャニーズグッズ錬金術
物販
¥39,800
紹介で50%還元（購入者限定）
4.9 (156件)
ぽるとら@ジャニーズBrain総合1位獲得4年前",https://brain-market.com/u/portolano/a/bUTM2ETOgoTZsNWa0JXY,"¥39,800",156,portolano,,"【完全ブルーオーシャン】超初心者でも30日で10万円『高利益率×高回転』在宅ジャニーズグッズ錬金術
物販
¥39,800
紹介で50%還元（購入者限定）
4.9 (156件)
ぽるとら@ジャニーズBrain総合1位獲得4年前",,
155,"【副業AI占い】ChatGPT×Canva【おみくじ＆新春タロット占い】速習パック2024
ビジネス
¥4,980
紹介で50%還元（全員）
5.0 (152件)
YUKI2年前",https://brain-market.com/u/yknetdiviner/a/b5MDN4gTMgoTZsNWa0JXY,"¥4,980",152,yknetdiviner,,"【副業AI占い】ChatGPT×Canva【おみくじ＆新春タロット占い】速習パック2024
ビジネス
¥4,980
紹介で50%還元（全員）
5.0 (152件)
YUKI2年前",,
156,"【副業占いに禁断の神ツール降臨】シャドウAIタロット鑑定自動化パッケージ
ビジネス
¥35,000
紹介で50%還元（全員）
5.0 (133件)
YUKI1年前",https://brain-market.com/u/yknetdiviner/a/b5UzMxAjMgoTZsNWa0JXY,"¥35,000",133,yknetdiviner,,"【副業占いに禁断の神ツール降臨】シャドウAIタロット鑑定自動化パッケージ
ビジネス
¥35,000
紹介で50%還元（全員）
5.0 (133件)
YUKI1年前",,
157,"【音楽知識ゼロでもプロクオリティ】たった2つの質問であなたのイメージが神曲になるGPTs
その他
¥8,980
紹介で50%還元（全員）
4.9 (130件)
ヌンちゃま🥸AI音楽の先生8ヶ月前",https://brain-market.com/u/meison/a/b0kTMzIjMgoTZsNWa0JXY,"¥8,980",130,meison,,"【音楽知識ゼロでもプロクオリティ】たった2つの質問であなたのイメージが神曲になるGPTs
その他
¥8,980
紹介で50%還元（全員）
4.9 (130件)
ヌンちゃま🥸AI音楽の先生8ヶ月前",,
158,"【200部突破】AIに指示するだけでできる非常識コンテンツメイキング術とその活用術
SEO・ブログ
¥1,980
紹介で50%還元（全員）
5.0 (124件)
coocha3年前",https://brain-market.com/u/coocha/a/b2UzN3UTMgoTZsNWa0JXY,"¥1,980",124,coocha,,"【200部突破】AIに指示するだけでできる非常識コンテンツメイキング術とその活用術
SEO・ブログ
¥1,980
紹介で50%還元（全員）
5.0 (124件)
coocha3年前",,
159,"【YouTube収益化✖️主婦のAI副業】おきるママのYouTube脱サラ計画へようこそ
YouTube
¥29,800
紹介で50%還元（全員）
5.0 (122件)
おきるママ1年前",https://brain-market.com/u/okriumama/a/bwETNyEjMgoTZsNWa0JXY,"¥29,800",122,okriumama,,"【YouTube収益化✖️主婦のAI副業】おきるママのYouTube脱サラ計画へようこそ
YouTube
¥29,800
紹介で50%還元（全員）
5.0 (122件)
おきるママ1年前",,
160,"【AIライジング】GPTsセット80個超｜ChatGPT活用大全付き
マーケティング
¥49,800
紹介で50%還元（全員）
4.9 (123件)
ヒナキラ1年前",https://brain-market.com/u/hinakira/a/bwIDO2AjMgoTZsNWa0JXY,"¥49,800",80,hinakira,,"【AIライジング】GPTsセット80個超｜ChatGPT活用大全付き
マーケティング
¥49,800
紹介で50%還元（全員）
4.9 (123件)
ヒナキラ1年前",,
161,"【AIで鑑定作成】副業占い完全攻略マニュアル【0→1突破ロードマップ付き】
ビジネス
¥9,980
紹介で30%還元（全員）
5.0 (457件)
ねずみくん3年前",https://brain-market.com/u/koki-br/a/b1EzNxUTMgoTZsNWa0JXY,"¥9,980",457,koki-br,,"【AIで鑑定作成】副業占い完全攻略マニュアル【0→1突破ロードマップ付き】
ビジネス
¥9,980
紹介で30%還元（全員）
5.0 (457件)
ねずみくん3年前",,
162,"【爆速で0→1突破へ】AI × 誕生日占い鑑定書作成バイブル～稼ぎに特化した副業ネット占いビジネス
ビジネス
¥4,980
紹介で50%還元（全員）
5.0 (420件)
YUKI3年前",https://brain-market.com/u/yknetdiviner/a/b0kTO4cTMgoTZsNWa0JXY,"¥4,980",420,yknetdiviner,,"【爆速で0→1突破へ】AI × 誕生日占い鑑定書作成バイブル～稼ぎに特化した副業ネット占いビジネス
ビジネス
¥4,980
紹介で50%還元（全員）
5.0 (420件)
YUKI3年前",,
163,"【シリーズ5冠達成❢】ブロガーも必見！激時短AIライティング術【秀逸】属人性AI導入の指南書～AIコンテンツメイクのすすめ
その他
¥3,980
紹介で50%還元（全員）
5.0 (341件)
右京3年前",https://brain-market.com/u/brain/a/b2cDOxQTMgoTZsNWa0JXY,"¥3,980",341,brain,,"【シリーズ5冠達成❢】ブロガーも必見！激時短AIライティング術【秀逸】属人性AI導入の指南書～AIコンテンツメイクのすすめ
その他
¥3,980
紹介で50%還元（全員）
5.0 (341件)
右京3年前",,
164,"【2025年更新】インスタ占いスタートガイド ~占いもインスタも知識・経験0から始める初心者戦略~【総合ランキング1位獲得👑】【400部突破】
SNS
¥3,980
紹介で50%還元（全員）
5.0 (305件)
リアム | インスタ占い2年前",https://brain-market.com/u/liam_uranai/a/bwgjN5kTMgoTZsNWa0JXY,"¥3,980",305,liam_uranai,,"【2025年更新】インスタ占いスタートガイド ~占いもインスタも知識・経験0から始める初心者戦略~【総合ランキング1位獲得👑】【400部突破】
SNS
¥3,980
紹介で50%還元（全員）
5.0 (305件)
リアム | インスタ占い2年前",,
165,"【超初心者でも勝ち確】労働からの脱却『1年で利益1000万円稼いだ』在宅ジャニーズ円盤投資術
物販
¥39,800
紹介で50%還元（購入者限定）
5.0 (284件)
ぽるとら@ジャニーズBrain総合1位獲得3年前",https://brain-market.com/u/portolano/a/b3YTN2MTMgoTZsNWa0JXY,"¥39,800",284,portolano,,"【超初心者でも勝ち確】労働からの脱却『1年で利益1000万円稼いだ』在宅ジャニーズ円盤投資術
物販
¥39,800
紹介で50%還元（購入者限定）
5.0 (284件)
ぽるとら@ジャニーズBrain総合1位獲得3年前",,
166,"スマホ1台でできる！日記感覚ブログで月3万円を稼ぐ『アメステップ』
ビジネス
¥4,980
紹介で50%還元（購入者限定）
4.8 (274件)
はたぼー2ヶ月前",https://brain-market.com/u/brain-hatabo/a/bzETNzMjMgoTZsNWa0JXY,"¥4,980",274,brain-hatabo,,"スマホ1台でできる！日記感覚ブログで月3万円を稼ぐ『アメステップ』
ビジネス
¥4,980
紹介で50%還元（購入者限定）
4.8 (274件)
はたぼー2ヶ月前",,
167,"【未経験•顔出しなし】TikTok×占い集客完全攻略マニュアル【AIを駆使して投稿作成】
ビジネス
¥100,000
紹介で30%還元（全員）
5.0 (249件)
ねずみくん3年前",https://brain-market.com/u/koki-br/a/bwczN2cTMgoTZsNWa0JXY,"¥100,000",249,koki-br,,"【未経験•顔出しなし】TikTok×占い集客完全攻略マニュアル【AIを駆使して投稿作成】
ビジネス
¥100,000
紹介で30%還元（全員）
5.0 (249件)
ねずみくん3年前",,
168,"【シリーズ３冠達成！】占いビジネス×AIライティング占術～AIコンテンツメイクのすすめ３
ライティング
¥4,980
紹介で50%還元（全員）
5.0 (245件)
YUKI3年前",https://brain-market.com/u/yknetdiviner/a/bwQTM3UTMgoTZsNWa0JXY,"¥4,980",245,yknetdiviner,,"【シリーズ３冠達成！】占いビジネス×AIライティング占術～AIコンテンツメイクのすすめ３
ライティング
¥4,980
紹介で50%還元（全員）
5.0 (245件)
YUKI3年前",,
169,"Brainの始め方
ビジネス
¥3,980
紹介で50%還元（全員）
4.9 (245件)
まりぴん2年前",https://brain-market.com/u/maripin/a/bzIDMxAjMgoTZsNWa0JXY,"¥3,980",245,maripin,,"Brainの始め方
ビジネス
¥3,980
紹介で50%還元（全員）
4.9 (245件)
まりぴん2年前",,
170,"【インスタ占いの全て】インスタ×占いマーケティングで月50万円稼ぐ全てを解説！【210部突破🎉】
マーケティング
¥49,980
紹介で50%還元（全員）
5.0 (231件)
リアム | インスタ占い2年前",https://brain-market.com/u/liam_uranai/a/b1cTM4gTMgoTZsNWa0JXY,"¥49,980",231,liam_uranai,,"【インスタ占いの全て】インスタ×占いマーケティングで月50万円稼ぐ全てを解説！【210部突破🎉】
マーケティング
¥49,980
紹介で50%還元（全員）
5.0 (231件)
リアム | インスタ占い2年前",,
171,"【AIを駆使して本を出す】30 days Kindle Program【最初の1冊を確実に出す完全ロードマップ】
SEO・ブログ
¥7,480
紹介で50%還元（全員）
4.9 (214件)
カン｜超マネタイズKindle出版3年前",https://brain-market.com/u/kan11/a/b3UTO1YTMgoTZsNWa0JXY,"¥7,480",214,kan11,,"【AIを駆使して本を出す】30 days Kindle Program【最初の1冊を確実に出す完全ロードマップ】
SEO・ブログ
¥7,480
紹介で50%還元（全員）
4.9 (214件)
カン｜超マネタイズKindle出版3年前",,
172,"Brain・Tipsアフィリエイトの教科書「理論編」【激辛出版】
マーケティング
¥9,800
紹介で50%還元（全員）
5.0 (202件)
沖ケイタ5ヶ月前",https://brain-market.com/u/oki-keita/a/bzAzM5IjMgoTZsNWa0JXY,"¥9,800",202,oki-keita,,"Brain・Tipsアフィリエイトの教科書「理論編」【激辛出版】
マーケティング
¥9,800
紹介で50%還元（全員）
5.0 (202件)
沖ケイタ5ヶ月前",,
173,"【870部突破】広告業界30年のプロが伝授するAI時代を勝ち抜く10の秘技『人の感情を動かすライティング術』
ライティング
¥24,800
紹介で50%還元（全員）
5.0 (177件)
アラタメ堂9ヶ月前",https://brain-market.com/u/aratamedo/a/bwYDMxIjMgoTZsNWa0JXY,"¥24,800",177,aratamedo,,"【870部突破】広告業界30年のプロが伝授するAI時代を勝ち抜く10の秘技『人の感情を動かすライティング術』
ライティング
¥24,800
紹介で50%還元（全員）
5.0 (177件)
アラタメ堂9ヶ月前",,
174,"【完全ブルーオーシャン】超初心者でも30日で10万円『高利益率×高回転』在宅ジャニーズグッズ錬金術
物販
¥39,800
紹介で50%還元（購入者限定）
4.9 (156件)
ぽるとら@ジャニーズBrain総合1位獲得4年前",https://brain-market.com/u/portolano/a/bUTM2ETOgoTZsNWa0JXY,"¥39,800",156,portolano,,"【完全ブルーオーシャン】超初心者でも30日で10万円『高利益率×高回転』在宅ジャニーズグッズ錬金術
物販
¥39,800
紹介で50%還元（購入者限定）
4.9 (156件)
ぽるとら@ジャニーズBrain総合1位獲得4年前",,
175,"【副業AI占い】ChatGPT×Canva【おみくじ＆新春タロット占い】速習パック2024
ビジネス
¥4,980
紹介で50%還元（全員）
5.0 (152件)
YUKI2年前",https://brain-market.com/u/yknetdiviner/a/b5MDN4gTMgoTZsNWa0JXY,"¥4,980",152,yknetdiviner,,"【副業AI占い】ChatGPT×Canva【おみくじ＆新春タロット占い】速習パック2024
ビジネス
¥4,980
紹介で50%還元（全員）
5.0 (152件)
YUKI2年前",,
176,"【副業占いに禁断の神ツール降臨】シャドウAIタロット鑑定自動化パッケージ
ビジネス
¥35,000
紹介で50%還元（全員）
5.0 (133件)
YUKI1年前",https://brain-market.com/u/yknetdiviner/a/b5UzMxAjMgoTZsNWa0JXY,"¥35,000",133,yknetdiviner,,"【副業占いに禁断の神ツール降臨】シャドウAIタロット鑑定自動化パッケージ
ビジネス
¥35,000
紹介で50%還元（全員）
5.0 (133件)
YUKI1年前",,
177,"【音楽知識ゼロでもプロクオリティ】たった2つの質問であなたのイメージが神曲になるGPTs
その他
¥8,980
紹介で50%還元（全員）
4.9 (130件)
ヌンちゃま🥸AI音楽の先生8ヶ月前",https://brain-market.com/u/meison/a/b0kTMzIjMgoTZsNWa0JXY,"¥8,980",130,meison,,"【音楽知識ゼロでもプロクオリティ】たった2つの質問であなたのイメージが神曲になるGPTs
その他
¥8,980
紹介で50%還元（全員）
4.9 (130件)
ヌンちゃま🥸AI音楽の先生8ヶ月前",,
178,"【200部突破】AIに指示するだけでできる非常識コンテンツメイキング術とその活用術
SEO・ブログ
¥1,980
紹介で50%還元（全員）
5.0 (124件)
coocha3年前",https://brain-market.com/u/coocha/a/b2UzN3UTMgoTZsNWa0JXY,"¥1,980",124,coocha,,"【200部突破】AIに指示するだけでできる非常識コンテンツメイキング術とその活用術
SEO・ブログ
¥1,980
紹介で50%還元（全員）
5.0 (124件)
coocha3年前",,
179,"【YouTube収益化✖️主婦のAI副業】おきるママのYouTube脱サラ計画へようこそ
YouTube
¥29,800
紹介で50%還元（全員）
5.0 (122件)
おきるママ1年前",https://brain-market.com/u/okriumama/a/bwETNyEjMgoTZsNWa0JXY,"¥29,800",122,okriumama,,"【YouTube収益化✖️主婦のAI副業】おきるママのYouTube脱サラ計画へようこそ
YouTube
¥29,800
紹介で50%還元（全員）
5.0 (122件)
おきるママ1年前",,
180,"【AIライジング】GPTsセット80個超｜ChatGPT活用大全付き
マーケティング
¥49,800
紹介で50%還元（全員）
4.9 (123件)
ヒナキラ1年前",https://brain-market.com/u/hinakira/a/bwIDO2AjMgoTZsNWa0JXY,"¥49,800",80,hinakira,,"【AIライジング】GPTsセット80個超｜ChatGPT活用大全付き
マーケティング
¥49,800
紹介で50%還元（全員）
4.9 (123件)
ヒナキラ1年前",,
181,"【AIで鑑定作成】副業占い完全攻略マニュアル【0→1突破ロードマップ付き】
ビジネス
¥9,980
紹介で30%還元（全員）
5.0 (457件)
ねずみくん3年前",https://brain-market.com/u/koki-br/a/b1EzNxUTMgoTZsNWa0JXY,"¥9,980",457,koki-br,,"【AIで鑑定作成】副業占い完全攻略マニュアル【0→1突破ロードマップ付き】
ビジネス
¥9,980
紹介で30%還元（全員）
5.0 (457件)
ねずみくん3年前",,
182,"【爆速で0→1突破へ】AI × 誕生日占い鑑定書作成バイブル～稼ぎに特化した副業ネット占いビジネス
ビジネス
¥4,980
紹介で50%還元（全員）
5.0 (420件)
YUKI3年前",https://brain-market.com/u/yknetdiviner/a/b0kTO4cTMgoTZsNWa0JXY,"¥4,980",420,yknetdiviner,,"【爆速で0→1突破へ】AI × 誕生日占い鑑定書作成バイブル～稼ぎに特化した副業ネット占いビジネス
ビジネス
¥4,980
紹介で50%還元（全員）
5.0 (420件)
YUKI3年前",,
183,"【シリーズ5冠達成❢】ブロガーも必見！激時短AIライティング術【秀逸】属人性AI導入の指南書～AIコンテンツメイクのすすめ
その他
¥3,980
紹介で50%還元（全員）
5.0 (341件)
右京3年前",https://brain-market.com/u/brain/a/b2cDOxQTMgoTZsNWa0JXY,"¥3,980",341,brain,,"【シリーズ5冠達成❢】ブロガーも必見！激時短AIライティング術【秀逸】属人性AI導入の指南書～AIコンテンツメイクのすすめ
その他
¥3,980
紹介で50%還元（全員）
5.0 (341件)
右京3年前",,
184,"【2025年更新】インスタ占いスタートガイド ~占いもインスタも知識・経験0から始める初心者戦略~【総合ランキング1位獲得👑】【400部突破】
SNS
¥3,980
紹介で50%還元（全員）
5.0 (305件)
リアム | インスタ占い2年前",https://brain-market.com/u/liam_uranai/a/bwgjN5kTMgoTZsNWa0JXY,"¥3,980",305,liam_uranai,,"【2025年更新】インスタ占いスタートガイド ~占いもインスタも知識・経験0から始める初心者戦略~【総合ランキング1位獲得👑】【400部突破】
SNS
¥3,980
紹介で50%還元（全員）
5.0 (305件)
リアム | インスタ占い2年前",,
185,"【超初心者でも勝ち確】労働からの脱却『1年で利益1000万円稼いだ』在宅ジャニーズ円盤投資術
物販
¥39,800
紹介で50%還元（購入者限定）
5.0 (284件)
ぽるとら@ジャニーズBrain総合1位獲得3年前",https://brain-market.com/u/portolano/a/b3YTN2MTMgoTZsNWa0JXY,"¥39,800",284,portolano,,"【超初心者でも勝ち確】労働からの脱却『1年で利益1000万円稼いだ』在宅ジャニーズ円盤投資術
物販
¥39,800
紹介で50%還元（購入者限定）
5.0 (284件)
ぽるとら@ジャニーズBrain総合1位獲得3年前",,
186,"スマホ1台でできる！日記感覚ブログで月3万円を稼ぐ『アメステップ』
ビジネス
¥4,980
紹介で50%還元（購入者限定）
4.8 (274件)
はたぼー2ヶ月前",https://brain-market.com/u/brain-hatabo/a/bzETNzMjMgoTZsNWa0JXY,"¥4,980",274,brain-hatabo,,"スマホ1台でできる！日記感覚ブログで月3万円を稼ぐ『アメステップ』
ビジネス
¥4,980
紹介で50%還元（購入者限定）
4.8 (274件)
はたぼー2ヶ月前",,
187,"【未経験•顔出しなし】TikTok×占い集客完全攻略マニュアル【AIを駆使して投稿作成】
ビジネス
¥100,000
紹介で30%還元（全員）
5.0 (249件)
ねずみくん3年前",https://brain-market.com/u/koki-br/a/bwczN2cTMgoTZsNWa0JXY,"¥100,000",249,koki-br,,"【未経験•顔出しなし】TikTok×占い集客完全攻略マニュアル【AIを駆使して投稿作成】
ビジネス
¥100,000
紹介で30%還元（全員）
5.0 (249件)
ねずみくん3年前",,
188,"【シリーズ３冠達成！】占いビジネス×AIライティング占術～AIコンテンツメイクのすすめ３
ライティング
¥4,980
紹介で50%還元（全員）
5.0 (245件)
YUKI3年前",https://brain-market.com/u/yknetdiviner/a/bwQTM3UTMgoTZsNWa0JXY,"¥4,980",245,yknetdiviner,,"【シリーズ３冠達成！】占いビジネス×AIライティング占術～AIコンテンツメイクのすすめ３
ライティング
¥4,980
紹介で50%還元（全員）
5.0 (245件)
YUKI3年前",,
189,"Brainの始め方
ビジネス
¥3,980
紹介で50%還元（全員）
4.9 (245件)
まりぴん2年前",https://brain-market.com/u/maripin/a/bzIDMxAjMgoTZsNWa0JXY,"¥3,980",245,maripin,,"Brainの始め方
ビジネス
¥3,980
紹介で50%還元（全員）
4.9 (245件)
まりぴん2年前",,
190,"【インスタ占いの全て】インスタ×占いマーケティングで月50万円稼ぐ全てを解説！【210部突破🎉】
マーケティング
¥49,980
紹介で50%還元（全員）
5.0 (231件)
リアム | インスタ占い2年前",https://brain-market.com/u/liam_uranai/a/b1cTM4gTMgoTZsNWa0JXY,"¥49,980",231,liam_uranai,,"【インスタ占いの全て】インスタ×占いマーケティングで月50万円稼ぐ全てを解説！【210部突破🎉】
マーケティング
¥49,980
紹介で50%還元（全員）
5.0 (231件)
リアム | インスタ占い2年前",,
191,"【AIを駆使して本を出す】30 days Kindle Program【最初の1冊を確実に出す完全ロードマップ】
SEO・ブログ
¥7,480
紹介で50%還元（全員）
4.9 (214件)
カン｜超マネタイズKindle出版3年前",https://brain-market.com/u/kan11/a/b3UTO1YTMgoTZsNWa0JXY,"¥7,480",214,kan11,,"【AIを駆使して本を出す】30 days Kindle Program【最初の1冊を確実に出す完全ロードマップ】
SEO・ブログ
¥7,480
紹介で50%還元（全員）
4.9 (214件)
カン｜超マネタイズKindle出版3年前",,
192,"Brain・Tipsアフィリエイトの教科書「理論編」【激辛出版】
マーケティング
¥9,800
紹介で50%還元（全員）
5.0 (202件)
沖ケイタ5ヶ月前",https://brain-market.com/u/oki-keita/a/bzAzM5IjMgoTZsNWa0JXY,"¥9,800",202,oki-keita,,"Brain・Tipsアフィリエイトの教科書「理論編」【激辛出版】
マーケティング
¥9,800
紹介で50%還元（全員）
5.0 (202件)
沖ケイタ5ヶ月前",,
193,"【870部突破】広告業界30年のプロが伝授するAI時代を勝ち抜く10の秘技『人の感情を動かすライティング術』
ライティング
¥24,800
紹介で50%還元（全員）
5.0 (177件)
アラタメ堂9ヶ月前",https://brain-market.com/u/aratamedo/a/bwYDMxIjMgoTZsNWa0JXY,"¥24,800",177,aratamedo,,"【870部突破】広告業界30年のプロが伝授するAI時代を勝ち抜く10の秘技『人の感情を動かすライティング術』
ライティング
¥24,800
紹介で50%還元（全員）
5.0 (177件)
アラタメ堂9ヶ月前",,
194,"【完全ブルーオーシャン】超初心者でも30日で10万円『高利益率×高回転』在宅ジャニーズグッズ錬金術
物販
¥39,800
紹介で50%還元（購入者限定）
4.9 (156件)
ぽるとら@ジャニーズBrain総合1位獲得4年前",https://brain-market.com/u/portolano/a/bUTM2ETOgoTZsNWa0JXY,"¥39,800",156,portolano,,"【完全ブルーオーシャン】超初心者でも30日で10万円『高利益率×高回転』在宅ジャニーズグッズ錬金術
物販
¥39,800
紹介で50%還元（購入者限定）
4.9 (156件)
ぽるとら@ジャニーズBrain総合1位獲得4年前",,
195,"【副業AI占い】ChatGPT×Canva【おみくじ＆新春タロット占い】速習パック2024
ビジネス
¥4,980
紹介で50%還元（全員）
5.0 (152件)
YUKI2年前",https://brain-market.com/u/yknetdiviner/a/b5MDN4gTMgoTZsNWa0JXY,"¥4,980",152,yknetdiviner,,"【副業AI占い】ChatGPT×Canva【おみくじ＆新春タロット占い】速習パック2024
ビジネス
¥4,980
紹介で50%還元（全員）
5.0 (152件)
YUKI2年前",,
196,"【副業占いに禁断の神ツール降臨】シャドウAIタロット鑑定自動化パッケージ
ビジネス
¥35,000
紹介で50%還元（全員）
5.0 (133件)
YUKI1年前",https://brain-market.com/u/yknetdiviner/a/b5UzMxAjMgoTZsNWa0JXY,"¥35,000",133,yknetdiviner,,"【副業占いに禁断の神ツール降臨】シャドウAIタロット鑑定自動化パッケージ
ビジネス
¥35,000
紹介で50%還元（全員）
5.0 (133件)
YUKI1年前",,
197,"【音楽知識ゼロでもプロクオリティ】たった2つの質問であなたのイメージが神曲になるGPTs
その他
¥8,980
紹介で50%還元（全員）
4.9 (130件)
ヌンちゃま🥸AI音楽の先生8ヶ月前",https://brain-market.com/u/meison/a/b0kTMzIjMgoTZsNWa0JXY,"¥8,980",130,meison,,"【音楽知識ゼロでもプロクオリティ】たった2つの質問であなたのイメージが神曲になるGPTs
その他
¥8,980
紹介で50%還元（全員）
4.9 (130件)
ヌンちゃま🥸AI音楽の先生8ヶ月前",,
198,"【200部突破】AIに指示するだけでできる非常識コンテンツメイキング術とその活用術
SEO・ブログ
¥1,980
紹介で50%還元（全員）
5.0 (124件)
coocha3年前",https://brain-market.com/u/coocha/a/b2UzN3UTMgoTZsNWa0JXY,"¥1,980",124,coocha,,"【200部突破】AIに指示するだけでできる非常識コンテンツメイキング術とその活用術
SEO・ブログ
¥1,980
紹介で50%還元（全員）
5.0 (124件)
coocha3年前",,
199,"【YouTube収益化✖️主婦のAI副業】おきるママのYouTube脱サラ計画へようこそ
YouTube
¥29,800
紹介で50%還元（全員）
5.0 (122件)
おきるママ1年前",https://brain-market.com/u/okriumama/a/bwETNyEjMgoTZsNWa0JXY,"¥29,800",122,okriumama,,"【YouTube収益化✖️主婦のAI副業】おきるママのYouTube脱サラ計画へようこそ
YouTube
¥29,800
紹介で50%還元（全員）
5.0 (122件)
おきるママ1年前",,
200,"【AIライジング】GPTsセット80個超｜ChatGPT活用大全付き
マーケティング
¥49,800
紹介で50%還元（全員）
4.9 (123件)
ヒナキラ1年前",https://brain-market.com/u/hinakira/a/bwIDO2AjMgoTZsNWa0JXY,"¥49,800",80,hinakira,,"【AIライジング】GPTsセット80個超｜ChatGPT活用大全付き
マーケティング
¥49,800
紹介で50%還元（全員）
4.9 (123件)
ヒナキラ1年前",,
201,"【AIで鑑定作成】副業占い完全攻略マニュアル【0→1突破ロードマップ付き】
ビジネス
¥9,980
紹介で30%還元（全員）
5.0 (457件)
ねずみくん3年前",https://brain-market.com/u/koki-br/a/b1EzNxUTMgoTZsNWa0JXY,"¥9,980",457,koki-br,,"【AIで鑑定作成】副業占い完全攻略マニュアル【0→1突破ロードマップ付き】
ビジネス
¥9,980
紹介で30%還元（全員）
5.0 (457件)
ねずみくん3年前",,
202,"【爆速で0→1突破へ】AI × 誕生日占い鑑定書作成バイブル～稼ぎに特化した副業ネット占いビジネス
ビジネス
¥4,980
紹介で50%還元（全員）
5.0 (420件)
YUKI3年前",https://brain-market.com/u/yknetdiviner/a/b0kTO4cTMgoTZsNWa0JXY,"¥4,980",420,yknetdiviner,,"【爆速で0→1突破へ】AI × 誕生日占い鑑定書作成バイブル～稼ぎに特化した副業ネット占いビジネス
ビジネス
¥4,980
紹介で50%還元（全員）
5.0 (420件)
YUKI3年前",,
203,"【シリーズ5冠達成❢】ブロガーも必見！激時短AIライティング術【秀逸】属人性AI導入の指南書～AIコンテンツメイクのすすめ
その他
¥3,980
紹介で50%還元（全員）
5.0 (341件)
右京3年前",https://brain-market.com/u/brain/a/b2cDOxQTMgoTZsNWa0JXY,"¥3,980",341,brain,,"【シリーズ5冠達成❢】ブロガーも必見！激時短AIライティング術【秀逸】属人性AI導入の指南書～AIコンテンツメイクのすすめ
その他
¥3,980
紹介で50%還元（全員）
5.0 (341件)
右京3年前",,
204,"【2025年更新】インスタ占いスタートガイド ~占いもインスタも知識・経験0から始める初心者戦略~【総合ランキング1位獲得👑】【400部突破】
SNS
¥3,980
紹介で50%還元（全員）
5.0 (305件)
リアム | インスタ占い2年前",https://brain-market.com/u/liam_uranai/a/bwgjN5kTMgoTZsNWa0JXY,"¥3,980",305,liam_uranai,,"【2025年更新】インスタ占いスタートガイド ~占いもインスタも知識・経験0から始める初心者戦略~【総合ランキング1位獲得👑】【400部突破】
SNS
¥3,980
紹介で50%還元（全員）
5.0 (305件)
リアム | インスタ占い2年前",,
205,"【超初心者でも勝ち確】労働からの脱却『1年で利益1000万円稼いだ』在宅ジャニーズ円盤投資術
物販
¥39,800
紹介で50%還元（購入者限定）
5.0 (284件)
ぽるとら@ジャニーズBrain総合1位獲得3年前",https://brain-market.com/u/portolano/a/b3YTN2MTMgoTZsNWa0JXY,"¥39,800",284,portolano,,"【超初心者でも勝ち確】労働からの脱却『1年で利益1000万円稼いだ』在宅ジャニーズ円盤投資術
物販
¥39,800
紹介で50%還元（購入者限定）
5.0 (284件)
ぽるとら@ジャニーズBrain総合1位獲得3年前",,
206,"スマホ1台でできる！日記感覚ブログで月3万円を稼ぐ『アメステップ』
ビジネス
¥4,980
紹介で50%還元（購入者限定）
4.8 (274件)
はたぼー2ヶ月前",https://brain-market.com/u/brain-hatabo/a/bzETNzMjMgoTZsNWa0JXY,"¥4,980",274,brain-hatabo,,"スマホ1台でできる！日記感覚ブログで月3万円を稼ぐ『アメステップ』
ビジネス
¥4,980
紹介で50%還元（購入者限定）
4.8 (274件)
はたぼー2ヶ月前",,
207,"【未経験•顔出しなし】TikTok×占い集客完全攻略マニュアル【AIを駆使して投稿作成】
ビジネス
¥100,000
紹介で30%還元（全員）
5.0 (249件)
ねずみくん3年前",https://brain-market.com/u/koki-br/a/bwczN2cTMgoTZsNWa0JXY,"¥100,000",249,koki-br,,"【未経験•顔出しなし】TikTok×占い集客完全攻略マニュアル【AIを駆使して投稿作成】
ビジネス
¥100,000
紹介で30%還元（全員）
5.0 (249件)
ねずみくん3年前",,
208,"【シリーズ３冠達成！】占いビジネス×AIライティング占術～AIコンテンツメイクのすすめ３
ライティング
¥4,980
紹介で50%還元（全員）
5.0 (245件)
YUKI3年前",https://brain-market.com/u/yknetdiviner/a/bwQTM3UTMgoTZsNWa0JXY,"¥4,980",245,yknetdiviner,,"【シリーズ３冠達成！】占いビジネス×AIライティング占術～AIコンテンツメイクのすすめ３
ライティング
¥4,980
紹介で50%還元（全員）
5.0 (245件)
YUKI3年前",,
209,"Brainの始め方
ビジネス
¥3,980
紹介で50%還元（全員）
4.9 (245件)
まりぴん2年前",https://brain-market.com/u/maripin/a/bzIDMxAjMgoTZsNWa0JXY,"¥3,980",245,maripin,,"Brainの始め方
ビジネス
¥3,980
紹介で50%還元（全員）
4.9 (245件)
まりぴん2年前",,
210,"【インスタ占いの全て】インスタ×占いマーケティングで月50万円稼ぐ全てを解説！【210部突破🎉】
マーケティング
¥49,980
紹介で50%還元（全員）
5.0 (231件)
リアム | インスタ占い2年前",https://brain-market.com/u/liam_uranai/a/b1cTM4gTMgoTZsNWa0JXY,"¥49,980",231,liam_uranai,,"【インスタ占いの全て】インスタ×占いマーケティングで月50万円稼ぐ全てを解説！【210部突破🎉】
マーケティング
¥49,980
紹介で50%還元（全員）
5.0 (231件)
リアム | インスタ占い2年前",,
211,"【AIを駆使して本を出す】30 days Kindle Program【最初の1冊を確実に出す完全ロードマップ】
SEO・ブログ
¥7,480
紹介で50%還元（全員）
4.9 (214件)
カン｜超マネタイズKindle出版3年前",https://brain-market.com/u/kan11/a/b3UTO1YTMgoTZsNWa0JXY,"¥7,480",214,kan11,,"【AIを駆使して本を出す】30 days Kindle Program【最初の1冊を確実に出す完全ロードマップ】
SEO・ブログ
¥7,480
紹介で50%還元（全員）
4.9 (214件)
カン｜超マネタイズKindle出版3年前",,
212,"Brain・Tipsアフィリエイトの教科書「理論編」【激辛出版】
マーケティング
¥9,800
紹介で50%還元（全員）
5.0 (202件)
沖ケイタ5ヶ月前",https://brain-market.com/u/oki-keita/a/bzAzM5IjMgoTZsNWa0JXY,"¥9,800",202,oki-keita,,"Brain・Tipsアフィリエイトの教科書「理論編」【激辛出版】
マーケティング
¥9,800
紹介で50%還元（全員）
5.0 (202件)
沖ケイタ5ヶ月前",,
213,"【870部突破】広告業界30年のプロが伝授するAI時代を勝ち抜く10の秘技『人の感情を動かすライティング術』
ライティング
¥24,800
紹介で50%還元（全員）
5.0 (177件)
アラタメ堂9ヶ月前",https://brain-market.com/u/aratamedo/a/bwYDMxIjMgoTZsNWa0JXY,"¥24,800",177,aratamedo,,"【870部突破】広告業界30年のプロが伝授するAI時代を勝ち抜く10の秘技『人の感情を動かすライティング術』
ライティング
¥24,800
紹介で50%還元（全員）
5.0 (177件)
アラタメ堂9ヶ月前",,
214,"【完全ブルーオーシャン】超初心者でも30日で10万円『高利益率×高回転』在宅ジャニーズグッズ錬金術
物販
¥39,800
紹介で50%還元（購入者限定）
4.9 (156件)
ぽるとら@ジャニーズBrain総合1位獲得4年前",https://brain-market.com/u/portolano/a/bUTM2ETOgoTZsNWa0JXY,"¥39,800",156,portolano,,"【完全ブルーオーシャン】超初心者でも30日で10万円『高利益率×高回転』在宅ジャニーズグッズ錬金術
物販
¥39,800
紹介で50%還元（購入者限定）
4.9 (156件)
ぽるとら@ジャニーズBrain総合1位獲得4年前",,
215,"【副業AI占い】ChatGPT×Canva【おみくじ＆新春タロット占い】速習パック2024
ビジネス
¥4,980
紹介で50%還元（全員）
5.0 (152件)
YUKI2年前",https://brain-market.com/u/yknetdiviner/a/b5MDN4gTMgoTZsNWa0JXY,"¥4,980",152,yknetdiviner,,"【副業AI占い】ChatGPT×Canva【おみくじ＆新春タロット占い】速習パック2024
ビジネス
¥4,980
紹介で50%還元（全員）
5.0 (152件)
YUKI2年前",,
216,"【副業占いに禁断の神ツール降臨】シャドウAIタロット鑑定自動化パッケージ
ビジネス
¥35,000
紹介で50%還元（全員）
5.0 (133件)
YUKI1年前",https://brain-market.com/u/yknetdiviner/a/b5UzMxAjMgoTZsNWa0JXY,"¥35,000",133,yknetdiviner,,"【副業占いに禁断の神ツール降臨】シャドウAIタロット鑑定自動化パッケージ
ビジネス
¥35,000
紹介で50%還元（全員）
5.0 (133件)
YUKI1年前",,
217,"【音楽知識ゼロでもプロクオリティ】たった2つの質問であなたのイメージが神曲になるGPTs
その他
¥8,980
紹介で50%還元（全員）
4.9 (130件)
ヌンちゃま🥸AI音楽の先生8ヶ月前",https://brain-market.com/u/meison/a/b0kTMzIjMgoTZsNWa0JXY,"¥8,980",130,meison,,"【音楽知識ゼロでもプロクオリティ】たった2つの質問であなたのイメージが神曲になるGPTs
その他
¥8,980
紹介で50%還元（全員）
4.9 (130件)
ヌンちゃま🥸AI音楽の先生8ヶ月前",,
218,"【200部突破】AIに指示するだけでできる非常識コンテンツメイキング術とその活用術
SEO・ブログ
¥1,980
紹介で50%還元（全員）
5.0 (124件)
coocha3年前",https://brain-market.com/u/coocha/a/b2UzN3UTMgoTZsNWa0JXY,"¥1,980",124,coocha,,"【200部突破】AIに指示するだけでできる非常識コンテンツメイキング術とその活用術
SEO・ブログ
¥1,980
紹介で50%還元（全員）
5.0 (124件)
coocha3年前",,
219,"【YouTube収益化✖️主婦のAI副業】おきるママのYouTube脱サラ計画へようこそ
YouTube
¥29,800
紹介で50%還元（全員）
5.0 (122件)
おきるママ1年前",https://brain-market.com/u/okriumama/a/bwETNyEjMgoTZsNWa0JXY,"¥29,800",122,okriumama,,"【YouTube収益化✖️主婦のAI副業】おきるママのYouTube脱サラ計画へようこそ
YouTube
¥29,800
紹介で50%還元（全員）
5.0 (122件)
おきるママ1年前",,
220,"【AIライジング】GPTsセット80個超｜ChatGPT活用大全付き
マーケティング
¥49,800
紹介で50%還元（全員）
4.9 (123件)
ヒナキラ1年前",https://brain-market.com/u/hinakira/a/bwIDO2AjMgoTZsNWa0JXY,"¥49,800",80,hinakira,,"【AIライジング】GPTsセット80個超｜ChatGPT活用大全付き
マーケティング
¥49,800
紹介で50%還元（全員）
4.9 (123件)
ヒナキラ1年前",,
221,"【AIで鑑定作成】副業占い完全攻略マニュアル【0→1突破ロードマップ付き】
ビジネス
¥9,980
紹介で30%還元（全員）
5.0 (457件)
ねずみくん3年前",https://brain-market.com/u/koki-br/a/b1EzNxUTMgoTZsNWa0JXY,"¥9,980",457,koki-br,,"【AIで鑑定作成】副業占い完全攻略マニュアル【0→1突破ロードマップ付き】
ビジネス
¥9,980
紹介で30%還元（全員）
5.0 (457件)
ねずみくん3年前",,
222,"【爆速で0→1突破へ】AI × 誕生日占い鑑定書作成バイブル～稼ぎに特化した副業ネット占いビジネス
ビジネス
¥4,980
紹介で50%還元（全員）
5.0 (420件)
YUKI3年前",https://brain-market.com/u/yknetdiviner/a/b0kTO4cTMgoTZsNWa0JXY,"¥4,980",420,yknetdiviner,,"【爆速で0→1突破へ】AI × 誕生日占い鑑定書作成バイブル～稼ぎに特化した副業ネット占いビジネス
ビジネス
¥4,980
紹介で50%還元（全員）
5.0 (420件)
YUKI3年前",,
223,"【シリーズ5冠達成❢】ブロガーも必見！激時短AIライティング術【秀逸】属人性AI導入の指南書～AIコンテンツメイクのすすめ
その他
¥3,980
紹介で50%還元（全員）
5.0 (341件)
右京3年前",https://brain-market.com/u/brain/a/b2cDOxQTMgoTZsNWa0JXY,"¥3,980",341,brain,,"【シリーズ5冠達成❢】ブロガーも必見！激時短AIライティング術【秀逸】属人性AI導入の指南書～AIコンテンツメイクのすすめ
その他
¥3,980
紹介で50%還元（全員）
5.0 (341件)
右京3年前",,
224,"【2025年更新】インスタ占いスタートガイド ~占いもインスタも知識・経験0から始める初心者戦略~【総合ランキング1位獲得👑】【400部突破】
SNS
¥3,980
紹介で50%還元（全員）
5.0 (305件)
リアム | インスタ占い2年前",https://brain-market.com/u/liam_uranai/a/bwgjN5kTMgoTZsNWa0JXY,"¥3,980",305,liam_uranai,,"【2025年更新】インスタ占いスタートガイド ~占いもインスタも知識・経験0から始める初心者戦略~【総合ランキング1位獲得👑】【400部突破】
SNS
¥3,980
紹介で50%還元（全員）
5.0 (305件)
リアム | インスタ占い2年前",,
225,"【超初心者でも勝ち確】労働からの脱却『1年で利益1000万円稼いだ』在宅ジャニーズ円盤投資術
物販
¥39,800
紹介で50%還元（購入者限定）
5.0 (284件)
ぽるとら@ジャニーズBrain総合1位獲得3年前",https://brain-market.com/u/portolano/a/b3YTN2MTMgoTZsNWa0JXY,"¥39,800",284,portolano,,"【超初心者でも勝ち確】労働からの脱却『1年で利益1000万円稼いだ』在宅ジャニーズ円盤投資術
物販
¥39,800
紹介で50%還元（購入者限定）
5.0 (284件)
ぽるとら@ジャニーズBrain総合1位獲得3年前",,
226,"スマホ1台でできる！日記感覚ブログで月3万円を稼ぐ『アメステップ』
ビジネス
¥4,980
紹介で50%還元（購入者限定）
4.8 (274件)
はたぼー2ヶ月前",https://brain-market.com/u/brain-hatabo/a/bzETNzMjMgoTZsNWa0JXY,"¥4,980",274,brain-hatabo,,"スマホ1台でできる！日記感覚ブログで月3万円を稼ぐ『アメステップ』
ビジネス
¥4,980
紹介で50%還元（購入者限定）
4.8 (274件)
はたぼー2ヶ月前",,
227,"【未経験•顔出しなし】TikTok×占い集客完全攻略マニュアル【AIを駆使して投稿作成】
ビジネス
¥100,000
紹介で30%還元（全員）
5.0 (249件)
ねずみくん3年前",https://brain-market.com/u/koki-br/a/bwczN2cTMgoTZsNWa0JXY,"¥100,000",249,koki-br,,"【未経験•顔出しなし】TikTok×占い集客完全攻略マニュアル【AIを駆使して投稿作成】
ビジネス
¥100,000
紹介で30%還元（全員）
5.0 (249件)
ねずみくん3年前",,
228,"【シリーズ３冠達成！】占いビジネス×AIライティング占術～AIコンテンツメイクのすすめ３
ライティング
¥4,980
紹介で50%還元（全員）
5.0 (245件)
YUKI3年前",https://brain-market.com/u/yknetdiviner/a/bwQTM3UTMgoTZsNWa0JXY,"¥4,980",245,yknetdiviner,,"【シリーズ３冠達成！】占いビジネス×AIライティング占術～AIコンテンツメイクのすすめ３
ライティング
¥4,980
紹介で50%還元（全員）
5.0 (245件)
YUKI3年前",,
229,"Brainの始め方
ビジネス
¥3,980
紹介で50%還元（全員）
4.9 (245件)
まりぴん2年前",https://brain-market.com/u/maripin/a/bzIDMxAjMgoTZsNWa0JXY,"¥3,980",245,maripin,,"Brainの始め方
ビジネス
¥3,980
紹介で50%還元（全員）
4.9 (245件)
まりぴん2年前",,
230,"【インスタ占いの全て】インスタ×占いマーケティングで月50万円稼ぐ全てを解説！【210部突破🎉】
マーケティング
¥49,980
紹介で50%還元（全員）
5.0 (231件)
リアム | インスタ占い2年前",https://brain-market.com/u/liam_uranai/a/b1cTM4gTMgoTZsNWa0JXY,"¥49,980",231,liam_uranai,,"【インスタ占いの全て】インスタ×占いマーケティングで月50万円稼ぐ全てを解説！【210部突破🎉】
マーケティング
¥49,980
紹介で50%還元（全員）
5.0 (231件)
リアム | インスタ占い2年前",,
231,"【AIを駆使して本を出す】30 days Kindle Program【最初の1冊を確実に出す完全ロードマップ】
SEO・ブログ
¥7,480
紹介で50%還元（全員）
4.9 (214件)
カン｜超マネタイズKindle出版3年前",https://brain-market.com/u/kan11/a/b3UTO1YTMgoTZsNWa0JXY,"¥7,480",214,kan11,,"【AIを駆使して本を出す】30 days Kindle Program【最初の1冊を確実に出す完全ロードマップ】
SEO・ブログ
¥7,480
紹介で50%還元（全員）
4.9 (214件)
カン｜超マネタイズKindle出版3年前",,
232,"Brain・Tipsアフィリエイトの教科書「理論編」【激辛出版】
マーケティング
¥9,800
紹介で50%還元（全員）
5.0 (202件)
沖ケイタ5ヶ月前",https://brain-market.com/u/oki-keita/a/bzAzM5IjMgoTZsNWa0JXY,"¥9,800",202,oki-keita,,"Brain・Tipsアフィリエイトの教科書「理論編」【激辛出版】
マーケティング
¥9,800
紹介で50%還元（全員）
5.0 (202件)
沖ケイタ5ヶ月前",,
233,"【870部突破】広告業界30年のプロが伝授するAI時代を勝ち抜く10の秘技『人の感情を動かすライティング術』
ライティング
¥24,800
紹介で50%還元（全員）
5.0 (177件)
アラタメ堂9ヶ月前",https://brain-market.com/u/aratamedo/a/bwYDMxIjMgoTZsNWa0JXY,"¥24,800",177,aratamedo,,"【870部突破】広告業界30年のプロが伝授するAI時代を勝ち抜く10の秘技『人の感情を動かすライティング術』
ライティング
¥24,800
紹介で50%還元（全員）
5.0 (177件)
アラタメ堂9ヶ月前",,
234,"【完全ブルーオーシャン】超初心者でも30日で10万円『高利益率×高回転』在宅ジャニーズグッズ錬金術
物販
¥39,800
紹介で50%還元（購入者限定）
4.9 (156件)
ぽるとら@ジャニーズBrain総合1位獲得4年前",https://brain-market.com/u/portolano/a/bUTM2ETOgoTZsNWa0JXY,"¥39,800",156,portolano,,"【完全ブルーオーシャン】超初心者でも30日で10万円『高利益率×高回転』在宅ジャニーズグッズ錬金術
物販
¥39,800
紹介で50%還元（購入者限定）
4.9 (156件)
ぽるとら@ジャニーズBrain総合1位獲得4年前",,
235,"【副業AI占い】ChatGPT×Canva【おみくじ＆新春タロット占い】速習パック2024
ビジネス
¥4,980
紹介で50%還元（全員）
5.0 (152件)
YUKI2年前",https://brain-market.com/u/yknetdiviner/a/b5MDN4gTMgoTZsNWa0JXY,"¥4,980",152,yknetdiviner,,"【副業AI占い】ChatGPT×Canva【おみくじ＆新春タロット占い】速習パック2024
ビジネス
¥4,980
紹介で50%還元（全員）
5.0 (152件)
YUKI2年前",,
236,"【副業占いに禁断の神ツール降臨】シャドウAIタロット鑑定自動化パッケージ
ビジネス
¥35,000
紹介で50%還元（全員）
5.0 (133件)
YUKI1年前",https://brain-market.com/u/yknetdiviner/a/b5UzMxAjMgoTZsNWa0JXY,"¥35,000",133,yknetdiviner,,"【副業占いに禁断の神ツール降臨】シャドウAIタロット鑑定自動化パッケージ
ビジネス
¥35,000
紹介で50%還元（全員）
5.0 (133件)
YUKI1年前",,
237,"【音楽知識ゼロでもプロクオリティ】たった2つの質問であなたのイメージが神曲になるGPTs
その他
¥8,980
紹介で50%還元（全員）
4.9 (130件)
ヌンちゃま🥸AI音楽の先生8ヶ月前",https://brain-market.com/u/meison/a/b0kTMzIjMgoTZsNWa0JXY,"¥8,980",130,meison,,"【音楽知識ゼロでもプロクオリティ】たった2つの質問であなたのイメージが神曲になるGPTs
その他
¥8,980
紹介で50%還元（全員）
4.9 (130件)
ヌンちゃま🥸AI音楽の先生8ヶ月前",,
238,"【200部突破】AIに指示するだけでできる非常識コンテンツメイキング術とその活用術
SEO・ブログ
¥1,980
紹介で50%還元（全員）
5.0 (124件)
coocha3年前",https://brain-market.com/u/coocha/a/b2UzN3UTMgoTZsNWa0JXY,"¥1,980",124,coocha,,"【200部突破】AIに指示するだけでできる非常識コンテンツメイキング術とその活用術
SEO・ブログ
¥1,980
紹介で50%還元（全員）
5.0 (124件)
coocha3年前",,
239,"【YouTube収益化✖️主婦のAI副業】おきるママのYouTube脱サラ計画へようこそ
YouTube
¥29,800
紹介で50%還元（全員）
5.0 (122件)
おきるママ1年前",https://brain-market.com/u/okriumama/a/bwETNyEjMgoTZsNWa0JXY,"¥29,800",122,okriumama,,"【YouTube収益化✖️主婦のAI副業】おきるママのYouTube脱サラ計画へようこそ
YouTube
¥29,800
紹介で50%還元（全員）
5.0 (122件)
おきるママ1年前",,
240,"【AIライジング】GPTsセット80個超｜ChatGPT活用大全付き
マーケティング
¥49,800
紹介で50%還元（全員）
4.9 (123件)
ヒナキラ1年前",https://brain-market.com/u/hinakira/a/bwIDO2AjMgoTZsNWa0JXY,"¥49,800",80,hinakira,,"【AIライジング】GPTsセット80個超｜ChatGPT活用大全付き
マーケティング
¥49,800
紹介で50%還元（全員）
4.9 (123件)
ヒナキラ1年前",,
241,"【AIで鑑定作成】副業占い完全攻略マニュアル【0→1突破ロードマップ付き】
ビジネス
¥9,980
紹介で30%還元（全員）
5.0 (457件)
ねずみくん3年前",https://brain-market.com/u/koki-br/a/b1EzNxUTMgoTZsNWa0JXY,"¥9,980",457,koki-br,,"【AIで鑑定作成】副業占い完全攻略マニュアル【0→1突破ロードマップ付き】
ビジネス
¥9,980
紹介で30%還元（全員）
5.0 (457件)
ねずみくん3年前",,
242,"【爆速で0→1突破へ】AI × 誕生日占い鑑定書作成バイブル～稼ぎに特化した副業ネット占いビジネス
ビジネス
¥4,980
紹介で50%還元（全員）
5.0 (420件)
YUKI3年前",https://brain-market.com/u/yknetdiviner/a/b0kTO4cTMgoTZsNWa0JXY,"¥4,980",420,yknetdiviner,,"【爆速で0→1突破へ】AI × 誕生日占い鑑定書作成バイブル～稼ぎに特化した副業ネット占いビジネス
ビジネス
¥4,980
紹介で50%還元（全員）
5.0 (420件)
YUKI3年前",,
243,"【シリーズ5冠達成❢】ブロガーも必見！激時短AIライティング術【秀逸】属人性AI導入の指南書～AIコンテンツメイクのすすめ
その他
¥3,980
紹介で50%還元（全員）
5.0 (341件)
右京3年前",https://brain-market.com/u/brain/a/b2cDOxQTMgoTZsNWa0JXY,"¥3,980",341,brain,,"【シリーズ5冠達成❢】ブロガーも必見！激時短AIライティング術【秀逸】属人性AI導入の指南書～AIコンテンツメイクのすすめ
その他
¥3,980
紹介で50%還元（全員）
5.0 (341件)
右京3年前",,
244,"【2025年更新】インスタ占いスタートガイド ~占いもインスタも知識・経験0から始める初心者戦略~【総合ランキング1位獲得👑】【400部突破】
SNS
¥3,980
紹介で50%還元（全員）
5.0 (305件)
リアム | インスタ占い2年前",https://brain-market.com/u/liam_uranai/a/bwgjN5kTMgoTZsNWa0JXY,"¥3,980",305,liam_uranai,,"【2025年更新】インスタ占いスタートガイド ~占いもインスタも知識・経験0から始める初心者戦略~【総合ランキング1位獲得👑】【400部突破】
SNS
¥3,980
紹介で50%還元（全員）
5.0 (305件)
リアム | インスタ占い2年前",,
245,"【超初心者でも勝ち確】労働からの脱却『1年で利益1000万円稼いだ』在宅ジャニーズ円盤投資術
物販
¥39,800
紹介で50%還元（購入者限定）
5.0 (284件)
ぽるとら@ジャニーズBrain総合1位獲得3年前",https://brain-market.com/u/portolano/a/b3YTN2MTMgoTZsNWa0JXY,"¥39,800",284,portolano,,"【超初心者でも勝ち確】労働からの脱却『1年で利益1000万円稼いだ』在宅ジャニーズ円盤投資術
物販
¥39,800
紹介で50%還元（購入者限定）
5.0 (284件)
ぽるとら@ジャニーズBrain総合1位獲得3年前",,
246,"スマホ1台でできる！日記感覚ブログで月3万円を稼ぐ『アメステップ』
ビジネス
¥4,980
紹介で50%還元（購入者限定）
4.8 (274件)
はたぼー2ヶ月前",https://brain-market.com/u/brain-hatabo/a/bzETNzMjMgoTZsNWa0JXY,"¥4,980",274,brain-hatabo,,"スマホ1台でできる！日記感覚ブログで月3万円を稼ぐ『アメステップ』
ビジネス
¥4,980
紹介で50%還元（購入者限定）
4.8 (274件)
はたぼー2ヶ月前",,
247,"【未経験•顔出しなし】TikTok×占い集客完全攻略マニュアル【AIを駆使して投稿作成】
ビジネス
¥100,000
紹介で30%還元（全員）
5.0 (249件)
ねずみくん3年前",https://brain-market.com/u/koki-br/a/bwczN2cTMgoTZsNWa0JXY,"¥100,000",249,koki-br,,"【未経験•顔出しなし】TikTok×占い集客完全攻略マニュアル【AIを駆使して投稿作成】
ビジネス
¥100,000
紹介で30%還元（全員）
5.0 (249件)
ねずみくん3年前",,
248,"【シリーズ３冠達成！】占いビジネス×AIライティング占術～AIコンテンツメイクのすすめ３
ライティング
¥4,980
紹介で50%還元（全員）
5.0 (245件)
YUKI3年前",https://brain-market.com/u/yknetdiviner/a/bwQTM3UTMgoTZsNWa0JXY,"¥4,980",245,yknetdiviner,,"【シリーズ３冠達成！】占いビジネス×AIライティング占術～AIコンテンツメイクのすすめ３
ライティング
¥4,980
紹介で50%還元（全員）
5.0 (245件)
YUKI3年前",,
249,"Brainの始め方
ビジネス
¥3,980
紹介で50%還元（全員）
4.9 (245件)
まりぴん2年前",https://brain-market.com/u/maripin/a/bzIDMxAjMgoTZsNWa0JXY,"¥3,980",245,maripin,,"Brainの始め方
ビジネス
¥3,980
紹介で50%還元（全員）
4.9 (245件)
まりぴん2年前",,
250,"【インスタ占いの全て】インスタ×占いマーケティングで月50万円稼ぐ全てを解説！【210部突破🎉】
マーケティング
¥49,980
紹介で50%還元（全員）
5.0 (231件)
リアム | インスタ占い2年前",https://brain-market.com/u/liam_uranai/a/b1cTM4gTMgoTZsNWa0JXY,"¥49,980",231,liam_uranai,,"【インスタ占いの全て】インスタ×占いマーケティングで月50万円稼ぐ全てを解説！【210部突破🎉】
マーケティング
¥49,980
紹介で50%還元（全員）
5.0 (231件)
リアム | インスタ占い2年前",,
251,"【AIを駆使して本を出す】30 days Kindle Program【最初の1冊を確実に出す完全ロードマップ】
SEO・ブログ
¥7,480
紹介で50%還元（全員）
4.9 (214件)
カン｜超マネタイズKindle出版3年前",https://brain-market.com/u/kan11/a/b3UTO1YTMgoTZsNWa0JXY,"¥7,480",214,kan11,,"【AIを駆使して本を出す】30 days Kindle Program【最初の1冊を確実に出す完全ロードマップ】
SEO・ブログ
¥7,480
紹介で50%還元（全員）
4.9 (214件)
カン｜超マネタイズKindle出版3年前",,
252,"Brain・Tipsアフィリエイトの教科書「理論編」【激辛出版】
マーケティング
¥9,800
紹介で50%還元（全員）
5.0 (202件)
沖ケイタ5ヶ月前",https://brain-market.com/u/oki-keita/a/bzAzM5IjMgoTZsNWa0JXY,"¥9,800",202,oki-keita,,"Brain・Tipsアフィリエイトの教科書「理論編」【激辛出版】
マーケティング
¥9,800
紹介で50%還元（全員）
5.0 (202件)
沖ケイタ5ヶ月前",,
253,"【870部突破】広告業界30年のプロが伝授するAI時代を勝ち抜く10の秘技『人の感情を動かすライティング術』
ライティング
¥24,800
紹介で50%還元（全員）
5.0 (177件)
アラタメ堂9ヶ月前",https://brain-market.com/u/aratamedo/a/bwYDMxIjMgoTZsNWa0JXY,"¥24,800",177,aratamedo,,"【870部突破】広告業界30年のプロが伝授するAI時代を勝ち抜く10の秘技『人の感情を動かすライティング術』
ライティング
¥24,800
紹介で50%還元（全員）
5.0 (177件)
アラタメ堂9ヶ月前",,
254,"【完全ブルーオーシャン】超初心者でも30日で10万円『高利益率×高回転』在宅ジャニーズグッズ錬金術
物販
¥39,800
紹介で50%還元（購入者限定）
4.9 (156件)
ぽるとら@ジャニーズBrain総合1位獲得4年前",https://brain-market.com/u/portolano/a/bUTM2ETOgoTZsNWa0JXY,"¥39,800",156,portolano,,"【完全ブルーオーシャン】超初心者でも30日で10万円『高利益率×高回転』在宅ジャニーズグッズ錬金術
物販
¥39,800
紹介で50%還元（購入者限定）
4.9 (156件)
ぽるとら@ジャニーズBrain総合1位獲得4年前",,
255,"【副業AI占い】ChatGPT×Canva【おみくじ＆新春タロット占い】速習パック2024
ビジネス
¥4,980
紹介で50%還元（全員）
5.0 (152件)
YUKI2年前",https://brain-market.com/u/yknetdiviner/a/b5MDN4gTMgoTZsNWa0JXY,"¥4,980",152,yknetdiviner,,"【副業AI占い】ChatGPT×Canva【おみくじ＆新春タロット占い】速習パック2024
ビジネス
¥4,980
紹介で50%還元（全員）
5.0 (152件)
YUKI2年前",,
256,"【副業占いに禁断の神ツール降臨】シャドウAIタロット鑑定自動化パッケージ
ビジネス
¥35,000
紹介で50%還元（全員）
5.0 (133件)
YUKI1年前",https://brain-market.com/u/yknetdiviner/a/b5UzMxAjMgoTZsNWa0JXY,"¥35,000",133,yknetdiviner,,"【副業占いに禁断の神ツール降臨】シャドウAIタロット鑑定自動化パッケージ
ビジネス
¥35,000
紹介で50%還元（全員）
5.0 (133件)
YUKI1年前",,
257,"【音楽知識ゼロでもプロクオリティ】たった2つの質問であなたのイメージが神曲になるGPTs
その他
¥8,980
紹介で50%還元（全員）
4.9 (130件)
ヌンちゃま🥸AI音楽の先生8ヶ月前",https://brain-market.com/u/meison/a/b0kTMzIjMgoTZsNWa0JXY,"¥8,980",130,meison,,"【音楽知識ゼロでもプロクオリティ】たった2つの質問であなたのイメージが神曲になるGPTs
その他
¥8,980
紹介で50%還元（全員）
4.9 (130件)
ヌンちゃま🥸AI音楽の先生8ヶ月前",,
258,"【200部突破】AIに指示するだけでできる非常識コンテンツメイキング術とその活用術
SEO・ブログ
¥1,980
紹介で50%還元（全員）
5.0 (124件)
coocha3年前",https://brain-market.com/u/coocha/a/b2UzN3UTMgoTZsNWa0JXY,"¥1,980",124,coocha,,"【200部突破】AIに指示するだけでできる非常識コンテンツメイキング術とその活用術
SEO・ブログ
¥1,980
紹介で50%還元（全員）
5.0 (124件)
coocha3年前",,
259,"【YouTube収益化✖️主婦のAI副業】おきるママのYouTube脱サラ計画へようこそ
YouTube
¥29,800
紹介で50%還元（全員）
5.0 (122件)
おきるママ1年前",https://brain-market.com/u/okriumama/a/bwETNyEjMgoTZsNWa0JXY,"¥29,800",122,okriumama,,"【YouTube収益化✖️主婦のAI副業】おきるママのYouTube脱サラ計画へようこそ
YouTube
¥29,800
紹介で50%還元（全員）
5.0 (122件)
おきるママ1年前",,
260,"【AIライジング】GPTsセット80個超｜ChatGPT活用大全付き
マーケティング
¥49,800
紹介で50%還元（全員）
4.9 (123件)
ヒナキラ1年前",https://brain-market.com/u/hinakira/a/bwIDO2AjMgoTZsNWa0JXY,"¥49,800",80,hinakira,,"【AIライジング】GPTsセット80個超｜ChatGPT活用大全付き
マーケティング
¥49,800
紹介で50%還元（全員）
4.9 (123件)
ヒナキラ1年前",,
261,"【AIで鑑定作成】副業占い完全攻略マニュアル【0→1突破ロードマップ付き】
ビジネス
¥9,980
紹介で30%還元（全員）
5.0 (457件)
ねずみくん3年前",https://brain-market.com/u/koki-br/a/b1EzNxUTMgoTZsNWa0JXY,"¥9,980",457,koki-br,,"【AIで鑑定作成】副業占い完全攻略マニュアル【0→1突破ロードマップ付き】
ビジネス
¥9,980
紹介で30%還元（全員）
5.0 (457件)
ねずみくん3年前",,
262,"【爆速で0→1突破へ】AI × 誕生日占い鑑定書作成バイブル～稼ぎに特化した副業ネット占いビジネス
ビジネス
¥4,980
紹介で50%還元（全員）
5.0 (420件)
YUKI3年前",https://brain-market.com/u/yknetdiviner/a/b0kTO4cTMgoTZsNWa0JXY,"¥4,980",420,yknetdiviner,,"【爆速で0→1突破へ】AI × 誕生日占い鑑定書作成バイブル～稼ぎに特化した副業ネット占いビジネス
ビジネス
¥4,980
紹介で50%還元（全員）
5.0 (420件)
YUKI3年前",,
263,"【シリーズ5冠達成❢】ブロガーも必見！激時短AIライティング術【秀逸】属人性AI導入の指南書～AIコンテンツメイクのすすめ
その他
¥3,980
紹介で50%還元（全員）
5.0 (341件)
右京3年前",https://brain-market.com/u/brain/a/b2cDOxQTMgoTZsNWa0JXY,"¥3,980",341,brain,,"【シリーズ5冠達成❢】ブロガーも必見！激時短AIライティング術【秀逸】属人性AI導入の指南書～AIコンテンツメイクのすすめ
その他
¥3,980
紹介で50%還元（全員）
5.0 (341件)
右京3年前",,
264,"【2025年更新】インスタ占いスタートガイド ~占いもインスタも知識・経験0から始める初心者戦略~【総合ランキング1位獲得👑】【400部突破】
SNS
¥3,980
紹介で50%還元（全員）
5.0 (305件)
リアム | インスタ占い2年前",https://brain-market.com/u/liam_uranai/a/bwgjN5kTMgoTZsNWa0JXY,"¥3,980",305,liam_uranai,,"【2025年更新】インスタ占いスタートガイド ~占いもインスタも知識・経験0から始める初心者戦略~【総合ランキング1位獲得👑】【400部突破】
SNS
¥3,980
紹介で50%還元（全員）
5.0 (305件)
リアム | インスタ占い2年前",,
265,"【超初心者でも勝ち確】労働からの脱却『1年で利益1000万円稼いだ』在宅ジャニーズ円盤投資術
物販
¥39,800
紹介で50%還元（購入者限定）
5.0 (284件)
ぽるとら@ジャニーズBrain総合1位獲得3年前",https://brain-market.com/u/portolano/a/b3YTN2MTMgoTZsNWa0JXY,"¥39,800",284,portolano,,"【超初心者でも勝ち確】労働からの脱却『1年で利益1000万円稼いだ』在宅ジャニーズ円盤投資術
物販
¥39,800
紹介で50%還元（購入者限定）
5.0 (284件)
ぽるとら@ジャニーズBrain総合1位獲得3年前",,
266,"スマホ1台でできる！日記感覚ブログで月3万円を稼ぐ『アメステップ』
ビジネス
¥4,980
紹介で50%還元（購入者限定）
4.8 (274件)
はたぼー2ヶ月前",https://brain-market.com/u/brain-hatabo/a/bzETNzMjMgoTZsNWa0JXY,"¥4,980",274,brain-hatabo,,"スマホ1台でできる！日記感覚ブログで月3万円を稼ぐ『アメステップ』
ビジネス
¥4,980
紹介で50%還元（購入者限定）
4.8 (274件)
はたぼー2ヶ月前",,
267,"【未経験•顔出しなし】TikTok×占い集客完全攻略マニュアル【AIを駆使して投稿作成】
ビジネス
¥100,000
紹介で30%還元（全員）
5.0 (249件)
ねずみくん3年前",https://brain-market.com/u/koki-br/a/bwczN2cTMgoTZsNWa0JXY,"¥100,000",249,koki-br,,"【未経験•顔出しなし】TikTok×占い集客完全攻略マニュアル【AIを駆使して投稿作成】
ビジネス
¥100,000
紹介で30%還元（全員）
5.0 (249件)
ねずみくん3年前",,
268,"【シリーズ３冠達成！】占いビジネス×AIライティング占術～AIコンテンツメイクのすすめ３
ライティング
¥4,980
紹介で50%還元（全員）
5.0 (245件)
YUKI3年前",https://brain-market.com/u/yknetdiviner/a/bwQTM3UTMgoTZsNWa0JXY,"¥4,980",245,yknetdiviner,,"【シリーズ３冠達成！】占いビジネス×AIライティング占術～AIコンテンツメイクのすすめ３
ライティング
¥4,980
紹介で50%還元（全員）
5.0 (245件)
YUKI3年前",,
269,"Brainの始め方
ビジネス
¥3,980
紹介で50%還元（全員）
4.9 (245件)
まりぴん2年前",https://brain-market.com/u/maripin/a/bzIDMxAjMgoTZsNWa0JXY,"¥3,980",245,maripin,,"Brainの始め方
ビジネス
¥3,980
紹介で50%還元（全員）
4.9 (245件)
まりぴん2年前",,
270,"【インスタ占いの全て】インスタ×占いマーケティングで月50万円稼ぐ全てを解説！【210部突破🎉】
マーケティング
¥49,980
紹介で50%還元（全員）
5.0 (231件)
リアム | インスタ占い2年前",https://brain-market.com/u/liam_uranai/a/b1cTM4gTMgoTZsNWa0JXY,"¥49,980",231,liam_uranai,,"【インスタ占いの全て】インスタ×占いマーケティングで月50万円稼ぐ全てを解説！【210部突破🎉】
マーケティング
¥49,980
紹介で50%還元（全員）
5.0 (231件)
リアム | インスタ占い2年前",,
271,"【AIを駆使して本を出す】30 days Kindle Program【最初の1冊を確実に出す完全ロードマップ】
SEO・ブログ
¥7,480
紹介で50%還元（全員）
4.9 (214件)
カン｜超マネタイズKindle出版3年前",https://brain-market.com/u/kan11/a/b3UTO1YTMgoTZsNWa0JXY,"¥7,480",214,kan11,,"【AIを駆使して本を出す】30 days Kindle Program【最初の1冊を確実に出す完全ロードマップ】
SEO・ブログ
¥7,480
紹介で50%還元（全員）
4.9 (214件)
カン｜超マネタイズKindle出版3年前",,
272,"Brain・Tipsアフィリエイトの教科書「理論編」【激辛出版】
マーケティング
¥9,800
紹介で50%還元（全員）
5.0 (202件)
沖ケイタ5ヶ月前",https://brain-market.com/u/oki-keita/a/bzAzM5IjMgoTZsNWa0JXY,"¥9,800",202,oki-keita,,"Brain・Tipsアフィリエイトの教科書「理論編」【激辛出版】
マーケティング
¥9,800
紹介で50%還元（全員）
5.0 (202件)
沖ケイタ5ヶ月前",,
273,"【870部突破】広告業界30年のプロが伝授するAI時代を勝ち抜く10の秘技『人の感情を動かすライティング術』
ライティング
¥24,800
紹介で50%還元（全員）
5.0 (177件)
アラタメ堂9ヶ月前",https://brain-market.com/u/aratamedo/a/bwYDMxIjMgoTZsNWa0JXY,"¥24,800",177,aratamedo,,"【870部突破】広告業界30年のプロが伝授するAI時代を勝ち抜く10の秘技『人の感情を動かすライティング術』
ライティング
¥24,800
紹介で50%還元（全員）
5.0 (177件)
アラタメ堂9ヶ月前",,
274,"【完全ブルーオーシャン】超初心者でも30日で10万円『高利益率×高回転』在宅ジャニーズグッズ錬金術
物販
¥39,800
紹介で50%還元（購入者限定）
4.9 (156件)
ぽるとら@ジャニーズBrain総合1位獲得4年前",https://brain-market.com/u/portolano/a/bUTM2ETOgoTZsNWa0JXY,"¥39,800",156,portolano,,"【完全ブルーオーシャン】超初心者でも30日で10万円『高利益率×高回転』在宅ジャニーズグッズ錬金術
物販
¥39,800
紹介で50%還元（購入者限定）
4.9 (156件)
ぽるとら@ジャニーズBrain総合1位獲得4年前",,
275,"【副業AI占い】ChatGPT×Canva【おみくじ＆新春タロット占い】速習パック2024
ビジネス
¥4,980
紹介で50%還元（全員）
5.0 (152件)
YUKI2年前",https://brain-market.com/u/yknetdiviner/a/b5MDN4gTMgoTZsNWa0JXY,"¥4,980",152,yknetdiviner,,"【副業AI占い】ChatGPT×Canva【おみくじ＆新春タロット占い】速習パック2024
ビジネス
¥4,980
紹介で50%還元（全員）
5.0 (152件)
YUKI2年前",,
276,"【副業占いに禁断の神ツール降臨】シャドウAIタロット鑑定自動化パッケージ
ビジネス
¥35,000
紹介で50%還元（全員）
5.0 (133件)
YUKI1年前",https://brain-market.com/u/yknetdiviner/a/b5UzMxAjMgoTZsNWa0JXY,"¥35,000",133,yknetdiviner,,"【副業占いに禁断の神ツール降臨】シャドウAIタロット鑑定自動化パッケージ
ビジネス
¥35,000
紹介で50%還元（全員）
5.0 (133件)
YUKI1年前",,
277,"【音楽知識ゼロでもプロクオリティ】たった2つの質問であなたのイメージが神曲になるGPTs
その他
¥8,980
紹介で50%還元（全員）
4.9 (130件)
ヌンちゃま🥸AI音楽の先生8ヶ月前",https://brain-market.com/u/meison/a/b0kTMzIjMgoTZsNWa0JXY,"¥8,980",130,meison,,"【音楽知識ゼロでもプロクオリティ】たった2つの質問であなたのイメージが神曲になるGPTs
その他
¥8,980
紹介で50%還元（全員）
4.9 (130件)
ヌンちゃま🥸AI音楽の先生8ヶ月前",,
278,"【200部突破】AIに指示するだけでできる非常識コンテンツメイキング術とその活用術
SEO・ブログ
¥1,980
紹介で50%還元（全員）
5.0 (124件)
coocha3年前",https://brain-market.com/u/coocha/a/b2UzN3UTMgoTZsNWa0JXY,"¥1,980",124,coocha,,"【200部突破】AIに指示するだけでできる非常識コンテンツメイキング術とその活用術
SEO・ブログ
¥1,980
紹介で50%還元（全員）
5.0 (124件)
coocha3年前",,
279,"【YouTube収益化✖️主婦のAI副業】おきるママのYouTube脱サラ計画へようこそ
YouTube
¥29,800
紹介で50%還元（全員）
5.0 (122件)
おきるママ1年前",https://brain-market.com/u/okriumama/a/bwETNyEjMgoTZsNWa0JXY,"¥29,800",122,okriumama,,"【YouTube収益化✖️主婦のAI副業】おきるママのYouTube脱サラ計画へようこそ
YouTube
¥29,800
紹介で50%還元（全員）
5.0 (122件)
おきるママ1年前",,
280,"【AIライジング】GPTsセット80個超｜ChatGPT活用大全付き
マーケティング
¥49,800
紹介で50%還元（全員）
4.9 (123件)
ヒナキラ1年前",https://brain-market.com/u/hinakira/a/bwIDO2AjMgoTZsNWa0JXY,"¥49,800",80,hinakira,,"【AIライジング】GPTsセット80個超｜ChatGPT活用大全付き
マーケティング
¥49,800
紹介で50%還元（全員）
4.9 (123件)
ヒナキラ1年前",,
281,"【AIで鑑定作成】副業占い完全攻略マニュアル【0→1突破ロードマップ付き】
ビジネス
¥9,980
紹介で30%還元（全員）
5.0 (457件)
ねずみくん3年前",https://brain-market.com/u/koki-br/a/b1EzNxUTMgoTZsNWa0JXY,"¥9,980",457,koki-br,,"【AIで鑑定作成】副業占い完全攻略マニュアル【0→1突破ロードマップ付き】
ビジネス
¥9,980
紹介で30%還元（全員）
5.0 (457件)
ねずみくん3年前",,
282,"【爆速で0→1突破へ】AI × 誕生日占い鑑定書作成バイブル～稼ぎに特化した副業ネット占いビジネス
ビジネス
¥4,980
紹介で50%還元（全員）
5.0 (420件)
YUKI3年前",https://brain-market.com/u/yknetdiviner/a/b0kTO4cTMgoTZsNWa0JXY,"¥4,980",420,yknetdiviner,,"【爆速で0→1突破へ】AI × 誕生日占い鑑定書作成バイブル～稼ぎに特化した副業ネット占いビジネス
ビジネス
¥4,980
紹介で50%還元（全員）
5.0 (420件)
YUKI3年前",,
283,"【シリーズ5冠達成❢】ブロガーも必見！激時短AIライティング術【秀逸】属人性AI導入の指南書～AIコンテンツメイクのすすめ
その他
¥3,980
紹介で50%還元（全員）
5.0 (341件)
右京3年前",https://brain-market.com/u/brain/a/b2cDOxQTMgoTZsNWa0JXY,"¥3,980",341,brain,,"【シリーズ5冠達成❢】ブロガーも必見！激時短AIライティング術【秀逸】属人性AI導入の指南書～AIコンテンツメイクのすすめ
その他
¥3,980
紹介で50%還元（全員）
5.0 (341件)
右京3年前",,
284,"【2025年更新】インスタ占いスタートガイド ~占いもインスタも知識・経験0から始める初心者戦略~【総合ランキング1位獲得👑】【400部突破】
SNS
¥3,980
紹介で50%還元（全員）
5.0 (305件)
リアム | インスタ占い2年前",https://brain-market.com/u/liam_uranai/a/bwgjN5kTMgoTZsNWa0JXY,"¥3,980",305,liam_uranai,,"【2025年更新】インスタ占いスタートガイド ~占いもインスタも知識・経験0から始める初心者戦略~【総合ランキング1位獲得👑】【400部突破】
SNS
¥3,980
紹介で50%還元（全員）
5.0 (305件)
リアム | インスタ占い2年前",,
285,"【超初心者でも勝ち確】労働からの脱却『1年で利益1000万円稼いだ』在宅ジャニーズ円盤投資術
物販
¥39,800
紹介で50%還元（購入者限定）
5.0 (284件)
ぽるとら@ジャニーズBrain総合1位獲得3年前",https://brain-market.com/u/portolano/a/b3YTN2MTMgoTZsNWa0JXY,"¥39,800",284,portolano,,"【超初心者でも勝ち確】労働からの脱却『1年で利益1000万円稼いだ』在宅ジャニーズ円盤投資術
物販
¥39,800
紹介で50%還元（購入者限定）
5.0 (284件)
ぽるとら@ジャニーズBrain総合1位獲得3年前",,
286,"スマホ1台でできる！日記感覚ブログで月3万円を稼ぐ『アメステップ』
ビジネス
¥4,980
紹介で50%還元（購入者限定）
4.8 (274件)
はたぼー2ヶ月前",https://brain-market.com/u/brain-hatabo/a/bzETNzMjMgoTZsNWa0JXY,"¥4,980",274,brain-hatabo,,"スマホ1台でできる！日記感覚ブログで月3万円を稼ぐ『アメステップ』
ビジネス
¥4,980
紹介で50%還元（購入者限定）
4.8 (274件)
はたぼー2ヶ月前",,
287,"【未経験•顔出しなし】TikTok×占い集客完全攻略マニュアル【AIを駆使して投稿作成】
ビジネス
¥100,000
紹介で30%還元（全員）
5.0 (249件)
ねずみくん3年前",https://brain-market.com/u/koki-br/a/bwczN2cTMgoTZsNWa0JXY,"¥100,000",249,koki-br,,"【未経験•顔出しなし】TikTok×占い集客完全攻略マニュアル【AIを駆使して投稿作成】
ビジネス
¥100,000
紹介で30%還元（全員）
5.0 (249件)
ねずみくん3年前",,
288,"【シリーズ３冠達成！】占いビジネス×AIライティング占術～AIコンテンツメイクのすすめ３
ライティング
¥4,980
紹介で50%還元（全員）
5.0 (245件)
YUKI3年前",https://brain-market.com/u/yknetdiviner/a/bwQTM3UTMgoTZsNWa0JXY,"¥4,980",245,yknetdiviner,,"【シリーズ３冠達成！】占いビジネス×AIライティング占術～AIコンテンツメイクのすすめ３
ライティング
¥4,980
紹介で50%還元（全員）
5.0 (245件)
YUKI3年前",,
289,"Brainの始め方
ビジネス
¥3,980
紹介で50%還元（全員）
4.9 (245件)
まりぴん2年前",https://brain-market.com/u/maripin/a/bzIDMxAjMgoTZsNWa0JXY,"¥3,980",245,maripin,,"Brainの始め方
ビジネス
¥3,980
紹介で50%還元（全員）
4.9 (245件)
まりぴん2年前",,
290,"【インスタ占いの全て】インスタ×占いマーケティングで月50万円稼ぐ全てを解説！【210部突破🎉】
マーケティング
¥49,980
紹介で50%還元（全員）
5.0 (231件)
リアム | インスタ占い2年前",https://brain-market.com/u/liam_uranai/a/b1cTM4gTMgoTZsNWa0JXY,"¥49,980",231,liam_uranai,,"【インスタ占いの全て】インスタ×占いマーケティングで月50万円稼ぐ全てを解説！【210部突破🎉】
マーケティング
¥49,980
紹介で50%還元（全員）
5.0 (231件)
リアム | インスタ占い2年前",,
291,"【AIを駆使して本を出す】30 days Kindle Program【最初の1冊を確実に出す完全ロードマップ】
SEO・ブログ
¥7,480
紹介で50%還元（全員）
4.9 (214件)
カン｜超マネタイズKindle出版3年前",https://brain-market.com/u/kan11/a/b3UTO1YTMgoTZsNWa0JXY,"¥7,480",214,kan11,,"【AIを駆使して本を出す】30 days Kindle Program【最初の1冊を確実に出す完全ロードマップ】
SEO・ブログ
¥7,480
紹介で50%還元（全員）
4.9 (214件)
カン｜超マネタイズKindle出版3年前",,
292,"Brain・Tipsアフィリエイトの教科書「理論編」【激辛出版】
マーケティング
¥9,800
紹介で50%還元（全員）
5.0 (202件)
沖ケイタ5ヶ月前",https://brain-market.com/u/oki-keita/a/bzAzM5IjMgoTZsNWa0JXY,"¥9,800",202,oki-keita,,"Brain・Tipsアフィリエイトの教科書「理論編」【激辛出版】
マーケティング
¥9,800
紹介で50%還元（全員）
5.0 (202件)
沖ケイタ5ヶ月前",,
293,"【870部突破】広告業界30年のプロが伝授するAI時代を勝ち抜く10の秘技『人の感情を動かすライティング術』
ライティング
¥24,800
紹介で50%還元（全員）
5.0 (177件)
アラタメ堂9ヶ月前",https://brain-market.com/u/aratamedo/a/bwYDMxIjMgoTZsNWa0JXY,"¥24,800",177,aratamedo,,"【870部突破】広告業界30年のプロが伝授するAI時代を勝ち抜く10の秘技『人の感情を動かすライティング術』
ライティング
¥24,800
紹介で50%還元（全員）
5.0 (177件)
アラタメ堂9ヶ月前",,
294,"【完全ブルーオーシャン】超初心者でも30日で10万円『高利益率×高回転』在宅ジャニーズグッズ錬金術
物販
¥39,800
紹介で50%還元（購入者限定）
4.9 (156件)
ぽるとら@ジャニーズBrain総合1位獲得4年前",https://brain-market.com/u/portolano/a/bUTM2ETOgoTZsNWa0JXY,"¥39,800",156,portolano,,"【完全ブルーオーシャン】超初心者でも30日で10万円『高利益率×高回転』在宅ジャニーズグッズ錬金術
物販
¥39,800
紹介で50%還元（購入者限定）
4.9 (156件)
ぽるとら@ジャニーズBrain総合1位獲得4年前",,
295,"【副業AI占い】ChatGPT×Canva【おみくじ＆新春タロット占い】速習パック2024
ビジネス
¥4,980
紹介で50%還元（全員）
5.0 (152件)
YUKI2年前",https://brain-market.com/u/yknetdiviner/a/b5MDN4gTMgoTZsNWa0JXY,"¥4,980",152,yknetdiviner,,"【副業AI占い】ChatGPT×Canva【おみくじ＆新春タロット占い】速習パック2024
ビジネス
¥4,980
紹介で50%還元（全員）
5.0 (152件)
YUKI2年前",,
296,"【副業占いに禁断の神ツール降臨】シャドウAIタロット鑑定自動化パッケージ
ビジネス
¥35,000
紹介で50%還元（全員）
5.0 (133件)
YUKI1年前",https://brain-market.com/u/yknetdiviner/a/b5UzMxAjMgoTZsNWa0JXY,"¥35,000",133,yknetdiviner,,"【副業占いに禁断の神ツール降臨】シャドウAIタロット鑑定自動化パッケージ
ビジネス
¥35,000
紹介で50%還元（全員）
5.0 (133件)
YUKI1年前",,
297,"【音楽知識ゼロでもプロクオリティ】たった2つの質問であなたのイメージが神曲になるGPTs
その他
¥8,980
紹介で50%還元（全員）
4.9 (130件)
ヌンちゃま🥸AI音楽の先生8ヶ月前",https://brain-market.com/u/meison/a/b0kTMzIjMgoTZsNWa0JXY,"¥8,980",130,meison,,"【音楽知識ゼロでもプロクオリティ】たった2つの質問であなたのイメージが神曲になるGPTs
その他
¥8,980
紹介で50%還元（全員）
4.9 (130件)
ヌンちゃま🥸AI音楽の先生8ヶ月前",,
298,"【200部突破】AIに指示するだけでできる非常識コンテンツメイキング術とその活用術
SEO・ブログ
¥1,980
紹介で50%還元（全員）
5.0 (124件)
coocha3年前",https://brain-market.com/u/coocha/a/b2UzN3UTMgoTZsNWa0JXY,"¥1,980",124,coocha,,"【200部突破】AIに指示するだけでできる非常識コンテンツメイキング術とその活用術
SEO・ブログ
¥1,980
紹介で50%還元（全員）
5.0 (124件)
coocha3年前",,
299,"【YouTube収益化✖️主婦のAI副業】おきるママのYouTube脱サラ計画へようこそ
YouTube
¥29,800
紹介で50%還元（全員）
5.0 (122件)
おきるママ1年前",https://brain-market.com/u/okriumama/a/bwETNyEjMgoTZsNWa0JXY,"¥29,800",122,okriumama,,"【YouTube収益化✖️主婦のAI副業】おきるママのYouTube脱サラ計画へようこそ
YouTube
¥29,800
紹介で50%還元（全員）
5.0 (122件)
おきるママ1年前",,
300,"【AIライジング】GPTsセット80個超｜ChatGPT活用大全付き
マーケティング
¥49,800
紹介で50%還元（全員）
4.9 (123件)
ヒナキラ1年前",https://brain-market.com/u/hinakira/a/bwIDO2AjMgoTZsNWa0JXY,"¥49,800",80,hinakira,,"【AIライジング】GPTsセット80個超｜ChatGPT活用大全付き
マーケティング
¥49,800
紹介で50%還元（全員）
4.9 (123件)
ヒナキラ1年前",,